t_s,pupil_iris,pupil_iris_lowpass,eye_frame
0.0,0.2777,0.3047,trough
0.1,0.2782,0.3047,
0.2,0.2771,0.3048,
0.3,0.2715,0.3049,
0.4,0.2706,0.3051,
0.5,0.2734,0.3053,
0.6,0.2660,0.3055,
0.7,0.2670,0.3058,
0.8,0.2653,0.3062,
0.9,0.2720,0.3066,
1.0,0.2738,0.3070,
1.1,0.2837,0.3075,
1.2,0.2799,0.3080,
1.3,0.2749,0.3085,
1.4,0.2771,0.3091,
1.5,0.2793,0.3097,
1.6,0.2815,0.3104,
1.7,0.2825,0.3111,
1.8,0.2799,0.3118,
1.9,0.2870,0.3126,
2.0,0.2869,0.3134,
2.1,0.2884,0.3143,
2.2,0.2859,0.3152,
2.3,0.2887,0.3161,
2.4,0.2872,0.3170,
2.5,0.2947,0.3180,
2.6,0.2934,0.3190,
2.7,0.3006,0.3201,
2.8,0.3085,0.3211,
2.9,0.3102,0.3222,
3.0,0.3142,0.3234,
3.1,0.3189,0.3245,
3.2,0.3292,0.3257,
3.3,,0.3269,
3.4,0.3262,0.3281,
3.5,0.3291,0.3294,
3.6,0.3394,0.3307,
3.7,0.3393,0.3320,
3.8,0.3368,0.3333,
3.9,0.3406,0.3346,
4.0,0.3552,0.3360,
4.1,0.3539,0.3373,
4.2,0.3583,0.3387,
4.3,0.3550,0.3401,
4.4,0.3603,0.3415,
4.5,0.3450,0.3429,
4.6,0.3463,0.3444,
4.7,0.3612,0.3458,
4.8,0.3501,0.3473,
4.9,0.3530,0.3488,
5.0,0.3540,0.3502,
5.1,0.3559,0.3517,
5.2,0.3608,0.3532,
5.3,0.3647,0.3547,
5.4,0.3678,0.3562,
5.5,0.3710,0.3577,
5.6,0.3615,0.3593,
5.7,0.3573,0.3608,
5.8,0.3613,0.3623,
5.9,0.3684,0.3638,
6.0,0.3691,0.3653,
6.1,0.3788,0.3669,
6.2,0.3756,0.3684,
6.3,0.3669,0.3699,
6.4,0.3749,0.3714,
6.5,0.3812,0.3729,
6.6,0.3914,0.3744,
6.7,0.3916,0.3760,
6.8,0.3906,0.3775,
6.9,0.3983,0.3789,
7.0,0.4061,0.3804,
7.1,0.4014,0.3819,
7.2,0.3980,0.3834,
7.3,0.3854,0.3849,rise
7.4,0.3942,0.3863,
7.5,0.3944,0.3878,
7.6,0.3887,0.3892,
7.7,0.4016,0.3906,
7.8,0.4107,0.3920,
7.9,0.3927,0.3934,
8.0,0.3988,0.3948,
8.1,0.3968,0.3962,
8.2,0.4016,0.3975,
8.3,0.4105,0.3989,
8.4,0.4087,0.4002,
8.5,0.4128,0.4015,
8.6,0.4117,0.4028,
8.7,0.4162,0.4041,
8.8,0.4204,0.4053,
8.9,0.4181,0.4066,
9.0,0.4192,0.4078,
9.1,0.4246,0.4090,
9.2,0.4294,0.4102,
9.3,0.4402,0.4113,
9.4,0.4475,0.4125,
9.5,0.4481,0.4136,
9.6,0.4439,0.4147,
9.7,0.4391,0.4157,
9.8,0.4522,0.4168,
9.9,0.4620,0.4178,
10.0,0.4880,0.4188,
10.1,0.4932,0.4198,
10.2,0.4957,0.4208,
10.3,0.4996,0.4217,
10.4,0.4997,0.4226,
10.5,0.5036,0.4235,
10.6,0.4852,0.4244,
10.7,0.4648,0.4252,
10.8,0.4393,0.4260,
10.9,0.4318,0.4268,
11.0,0.4429,0.4276,
11.1,0.4371,0.4284,
11.2,0.4248,0.4291,
11.3,0.4256,0.4298,
11.4,0.4152,0.4305,
11.5,0.4173,0.4312,
11.6,0.4061,0.4318,
11.7,0.4109,0.4324,
11.8,0.4037,0.4331,
11.9,0.4095,0.4336,
12.0,0.4022,0.4342,
12.1,0.4036,0.4348,
12.2,0.4144,0.4353,
12.3,0.4131,0.4358,
12.4,0.4070,0.4363,
12.5,0.4140,0.4368,
12.6,0.4120,0.4372,
12.7,0.4100,0.4377,
12.8,0.4094,0.4381,
12.9,0.4020,0.4385,
13.0,0.3987,0.4389,
13.1,0.3972,0.4392,
13.2,0.4137,0.4396,
13.3,0.4307,0.4399,
13.4,0.4345,0.4402,
13.5,0.4343,0.4405,
13.6,0.4326,0.4408,
13.7,0.4321,0.4410,
13.8,0.4384,0.4413,
13.9,0.4429,0.4415,
14.0,0.4492,0.4417,
14.1,0.4405,0.4419,
14.2,0.4447,0.4420,
14.3,0.4425,0.4421,
14.4,0.4418,0.4422,
14.5,0.4443,0.4423,
14.6,0.4507,0.4424,
14.7,0.4470,0.4424,
14.8,0.4490,0.4425,
14.9,0.4357,0.4425,
15.0,0.4400,0.4425,peak
15.1,0.4443,0.4424,
15.2,0.4488,0.4423,
15.3,0.4415,0.4423,
15.4,0.4369,0.4421,
15.5,0.4453,0.4420,
15.6,0.4497,0.4419,
15.7,0.4547,0.4417,
15.8,0.4590,0.4415,
15.9,0.4624,0.4412,
16.0,0.4594,0.4410,
16.1,0.4579,0.4407,
16.2,0.4649,0.4404,
16.3,0.4669,0.4401,
16.4,0.4659,0.4398,
16.5,0.4711,0.4394,
16.6,0.4746,0.4390,
16.7,0.4675,0.4386,
16.8,0.4716,0.4381,
16.9,0.4732,0.4377,
17.0,0.4739,0.4372,
17.1,0.4741,0.4367,
17.2,0.4704,0.4361,
17.3,0.4648,0.4356,
17.4,0.4683,0.4350,
17.5,0.4666,0.4344,
17.6,0.4716,0.4337,
17.7,0.4636,0.4331,
17.8,0.4604,0.4324,
17.9,0.4618,0.4317,
18.0,0.4554,0.4310,
18.1,0.4580,0.4303,
18.2,0.4498,0.4295,
18.3,0.4503,0.4287,
18.4,0.4504,0.4279,
18.5,0.4421,0.4271,
18.6,0.4367,0.4263,
18.7,0.4376,0.4254,
18.8,0.4323,0.4246,
18.9,0.4335,0.4237,
19.0,0.4440,0.4228,
19.1,0.4371,0.4219,
19.2,0.4394,0.4209,
19.3,0.4435,0.4200,
19.4,0.4285,0.4190,
19.5,0.4199,0.4181,
19.6,0.4231,0.4171,
19.7,0.4133,0.4161,
19.8,0.3982,0.4151,
19.9,0.3899,0.4141,
20.0,0.3949,0.4131,
20.1,0.3906,0.4121,
20.2,0.3814,0.4110,
20.3,0.3802,0.4100,
20.4,0.3757,0.4090,
20.5,0.3713,0.4079,
20.6,0.3657,0.4069,
20.7,0.3631,0.4058,
20.8,0.3495,0.4047,
20.9,0.3494,0.4037,
21.0,0.3501,0.4026,
21.1,0.3450,0.4015,
21.2,0.3318,0.4005,
21.3,0.3294,0.3994,
21.4,0.3292,0.3983,
21.5,0.3321,0.3972,
21.6,0.3436,0.3962,
21.7,0.3532,0.3951,
21.8,0.3618,0.3940,
21.9,0.3704,0.3929,
22.0,0.3778,0.3918,
22.1,0.3876,0.3907,
22.2,0.3983,0.3896,
22.3,0.4014,0.3885,
22.4,0.4061,0.3875,
22.5,0.4111,0.3864,
22.6,0.4109,0.3852,
22.7,0.4136,0.3841,
22.8,0.4108,0.3830,
22.9,0.4102,0.3819,
23.0,0.4145,0.3808,
23.1,0.4139,0.3797,
23.2,0.4109,0.3785,
23.3,0.4075,0.3774,
23.4,0.4075,0.3763,
23.5,0.4192,0.3751,
23.6,0.4290,0.3740,
23.7,0.4210,0.3729,
23.8,0.4169,0.3717,
23.9,0.4235,0.3706,fall
24.0,0.4256,0.3694,
24.1,0.4185,0.3683,
24.2,0.4036,0.3671,
24.3,0.3937,0.3659,
24.4,0.4062,0.3648,
24.5,0.4063,0.3636,
24.6,0.4018,0.3625,
24.7,0.4148,0.3613,
24.8,0.4040,0.3602,
24.9,0.3954,0.3590,
25.0,0.3914,0.3579,
25.1,0.3809,0.3567,
25.2,0.3671,0.3556,
25.3,0.3537,0.3544,
25.4,0.3435,0.3533,
25.5,0.3467,0.3522,
25.6,0.3480,0.3511,
25.7,0.3354,0.3500,
25.8,0.3193,0.3489,
25.9,0.3104,0.3478,
26.0,0.3097,0.3467,
26.1,0.3130,0.3457,
26.2,0.3056,0.3446,
26.3,0.3023,0.3436,
26.4,0.3056,0.3426,
26.5,0.3027,0.3416,
26.6,0.3075,0.3406,
26.7,0.3072,0.3396,
26.8,0.3105,0.3386,
26.9,0.3063,0.3377,
27.0,0.3045,0.3368,
27.1,0.3043,0.3359,
27.2,0.2978,0.3350,
27.3,0.2953,0.3341,
27.4,0.2946,0.3333,
27.5,0.2918,0.3324,
27.6,0.2939,0.3316,
27.7,0.2917,0.3308,
27.8,0.2893,0.3300,
27.9,0.2882,0.3293,
28.0,0.2813,0.3286,
28.1,0.2765,0.3278,
28.2,0.2830,0.3272,
28.3,0.2806,0.3265,
28.4,0.2893,0.3258,
28.5,0.2893,0.3252,
28.6,0.2885,0.3246,
28.7,0.2927,0.3240,
28.8,0.2915,0.3234,
28.9,0.2926,0.3228,
29.0,0.2927,0.3223,
29.1,0.2943,0.3218,
29.2,0.2985,0.3213,
29.3,0.2943,0.3208,
29.4,0.2937,0.3203,
29.5,0.2948,0.3199,
29.6,0.3042,0.3194,
29.7,0.2975,0.3190,
29.8,0.2997,0.3186,
29.9,0.2987,0.3182,
30.0,,0.3178,
30.1,,0.3174,
30.2,,0.3171,
30.3,0.3102,0.3167,
30.4,0.3067,0.3164,
30.5,,0.3161,
30.6,0.3052,0.3158,
30.7,0.3046,0.3155,
30.8,0.3067,0.3152,
30.9,0.3119,0.3149,
31.0,0.3073,0.3146,
31.1,0.3115,0.3144,
31.2,0.3156,0.3141,
31.3,0.3182,0.3138,
31.4,0.3168,0.3136,
31.5,0.3222,0.3133,
31.6,0.3310,0.3131,
31.7,0.3348,0.3129,
31.8,0.3415,0.3126,
31.9,0.3330,0.3124,
32.0,0.3532,0.3122,
32.1,0.3500,0.3119,
32.2,,0.3117,
32.3,0.3573,0.3114,
32.4,0.3678,0.3112,
32.5,0.3506,0.3110,
32.6,0.3493,0.3107,
32.7,0.3380,0.3105,
32.8,0.3520,0.3103,
32.9,0.3426,0.3100,
33.0,0.3397,0.3098,
33.1,0.3494,0.3095,
33.2,0.3449,0.3093,
33.3,0.3411,0.3090,
33.4,0.3317,0.3087,
33.5,0.3414,0.3085,
33.6,0.3368,0.3082,
33.7,0.3302,0.3079,
33.8,0.3337,0.3077,
33.9,0.3240,0.3074,
34.0,0.3186,0.3071,
34.1,0.3137,0.3068,
34.2,0.3038,0.3065,
34.3,0.2966,0.3063,
34.4,0.2869,0.3060,
34.5,0.2873,0.3057,
34.6,0.2882,0.3054,
34.7,0.2908,0.3051,
34.8,0.2937,0.3048,
34.9,0.2889,0.3045,
35.0,0.2851,0.3042,
35.1,0.2863,0.3039,
35.2,0.2882,0.3036,
35.3,0.2973,0.3033,
35.4,0.2976,0.3029,
35.5,0.3123,0.3026,
35.6,0.3095,0.3023,
35.7,0.2971,0.3020,
35.8,0.3049,0.3017,
35.9,0.2932,0.3014,
36.0,0.2900,0.3010,
36.1,0.2918,0.3007,
36.2,0.2953,0.3004,
36.3,0.3041,0.3000,
36.4,0.3070,0.2997,
36.5,0.3163,0.2994,
36.6,0.3159,0.2990,
36.7,0.3146,0.2987,
36.8,0.3206,0.2983,
36.9,0.3218,0.2980,
37.0,0.3253,0.2976,
37.1,0.3300,0.2973,
37.2,0.3343,0.2969,
37.3,0.3324,0.2966,
37.4,0.3313,0.2962,
37.5,0.3294,0.2958,
37.6,0.3309,0.2955,
37.7,0.3270,0.2951,
37.8,0.3223,0.2947,
37.9,0.3195,0.2944,
38.0,0.3119,0.2940,
38.1,0.3040,0.2936,
38.2,0.3004,0.2933,
38.3,0.2974,0.2929,
38.4,0.2973,0.2925,
38.5,0.2965,0.2921,
38.6,0.2920,0.2918,
38.7,0.2884,0.2914,
38.8,0.2838,0.2910,
38.9,0.2860,0.2907,
39.0,0.2787,0.2903,
39.1,0.2761,0.2900,
39.2,0.2696,0.2896,
39.3,0.2685,0.2893,
39.4,0.2670,0.2889,
39.5,0.2729,0.2886,
39.6,0.2722,0.2883,
39.7,0.2731,0.2879,
39.8,0.2706,0.2876,
39.9,0.2644,0.2873,
40.0,0.2672,0.2870,
40.1,0.2680,0.2867,
40.2,0.2655,0.2864,
40.3,0.2626,0.2861,
40.4,0.2628,0.2858,
40.5,0.2583,0.2856,
40.6,0.2604,0.2853,
40.7,0.2578,0.2850,
40.8,0.2575,0.2848,
40.9,0.2521,0.2845,
41.0,0.2543,0.2843,
41.1,0.2581,0.2841,
41.2,0.2536,0.2839,
41.3,0.2543,0.2836,
41.4,0.2598,0.2834,
41.5,0.2576,0.2832,
41.6,0.2511,0.2830,
41.7,0.2496,0.2829,
41.8,0.2598,0.2827,
41.9,0.2636,0.2825,
42.0,0.2568,0.2823,
42.1,0.2639,0.2822,
42.2,0.2592,0.2820,
42.3,0.2615,0.2819,
42.4,0.2640,0.2817,
42.5,0.2676,0.2816,
42.6,0.2758,0.2814,
42.7,0.2738,0.2813,
42.8,0.2897,0.2812,
42.9,0.2895,0.2811,
43.0,0.2924,0.2809,
43.1,0.2949,0.2808,trough
