participant,dose,phase_deg,nrem_samples,sigma_dpct,spindle_pct
P1,placebo,-177.0,12155,19.0318,4.0395
P1,placebo,-171.0,12266,22.5845,7.8510
P1,placebo,-165.0,12376,20.7246,3.8300
P1,placebo,-159.0,12446,19.6009,5.5198
P1,placebo,-153.0,11774,17.0169,5.6141
P1,placebo,-147.0,13809,2.2191,5.7209
P1,placebo,-141.0,9539,17.3388,1.8660
P1,placebo,-135.0,8742,10.1179,4.5756
P1,placebo,-129.0,9454,18.3420,3.7233
P1,placebo,-123.0,9646,15.4486,1.7417
P1,placebo,-117.0,9084,12.7125,2.2127
P1,placebo,-111.0,10023,20.1366,0.8880
P1,placebo,-105.0,9378,14.9602,2.3672
P1,placebo,-99.0,7582,13.9863,0.0000
P1,placebo,-93.0,7496,13.9574,0.4002
P1,placebo,-87.0,9308,6.9728,0.4727
P1,placebo,-81.0,8818,1.8053,0.6237
P1,placebo,-75.0,9555,3.4948,0.1151
P1,placebo,-69.0,8857,5.8236,0.0000
P1,placebo,-63.0,11222,1.7031,0.0000
P1,placebo,-57.0,11011,-2.7469,0.3542
P1,placebo,-51.0,12147,6.6081,0.1729
P1,placebo,-45.0,15209,18.5792,0.9205
P1,placebo,-39.0,14555,20.2256,0.5977
P1,placebo,-33.0,14641,14.5499,1.0928
P1,placebo,-27.0,13350,9.7880,0.0000
P1,placebo,-21.0,12715,3.0415,0.0000
P1,placebo,-15.0,13030,-3.4119,0.0000
P1,placebo,-9.0,13491,7.6916,0.3039
P1,placebo,-3.0,12120,6.8836,0.9818
P1,placebo,3.0,14074,-4.2797,0.0000
P1,placebo,9.0,13817,-8.9287,0.0072
P1,placebo,15.0,14217,-11.5010,0.0985
P1,placebo,21.0,12921,-13.8644,0.6965
P1,placebo,27.0,15056,-18.3421,1.3350
P1,placebo,33.0,13866,-16.0188,2.6684
P1,placebo,39.0,14880,-14.4366,1.4919
P1,placebo,45.0,16422,-16.3377,0.5115
P1,placebo,51.0,16676,-18.5869,1.3193
P1,placebo,57.0,18960,-20.6116,1.7985
P1,placebo,63.0,16406,-15.6511,1.9322
P1,placebo,69.0,15951,-18.9155,0.1379
P1,placebo,75.0,18685,-17.6565,1.1400
P1,placebo,81.0,20453,-18.6423,0.3765
P1,placebo,87.0,16029,-18.1530,3.3814
P1,placebo,93.0,15674,-12.4916,2.5010
P1,placebo,99.0,14431,-14.1865,0.0000
P1,placebo,105.0,10932,-12.8944,0.0000
P1,placebo,111.0,12650,-13.6761,1.5494
P1,placebo,117.0,14331,-13.5539,1.8422
P1,placebo,123.0,13196,-21.2621,0.0000
P1,placebo,129.0,12472,-16.7709,1.9644
P1,placebo,135.0,15256,-18.6231,1.4748
P1,placebo,141.0,16898,13.9245,5.5036
P1,placebo,147.0,19595,7.0435,3.6540
P1,placebo,153.0,15718,-0.3384,3.8300
P1,placebo,159.0,14719,6.8321,2.9214
P1,placebo,165.0,15330,16.8741,6.8819
P1,placebo,171.0,11087,8.6375,3.0576
P1,placebo,177.0,12164,18.1661,6.7576
P1,0.075 mg,-177.0,13626,10.7769,6.2528
P1,0.075 mg,-171.0,12578,11.6975,7.3462
P1,0.075 mg,-165.0,13761,14.6152,10.9658
P1,0.075 mg,-159.0,14964,19.0990,9.7367
P1,0.075 mg,-153.0,14020,30.4196,9.3652
P1,0.075 mg,-147.0,14804,14.3027,8.6733
P1,0.075 mg,-141.0,11055,22.0811,8.0416
P1,0.075 mg,-135.0,13079,19.6298,3.2189
P1,0.075 mg,-129.0,13484,11.0631,4.0122
P1,0.075 mg,-123.0,12111,12.0342,4.1450
P1,0.075 mg,-117.0,11064,13.8710,3.6424
P1,0.075 mg,-111.0,10320,14.3046,1.2984
P1,0.075 mg,-105.0,9399,10.5713,5.6283
P1,0.075 mg,-99.0,8709,21.5479,6.2464
P1,0.075 mg,-93.0,8414,23.3653,0.1426
P1,0.075 mg,-87.0,8283,20.2029,2.2214
P1,0.075 mg,-81.0,9108,16.2185,5.1054
P1,0.075 mg,-75.0,8856,15.5621,4.0650
P1,0.075 mg,-69.0,8019,9.9265,0.0000
P1,0.075 mg,-63.0,8105,6.5717,0.1604
P1,0.075 mg,-57.0,8057,2.6780,1.0053
P1,0.075 mg,-51.0,9768,-2.4949,0.8395
P1,0.075 mg,-45.0,10489,13.0575,2.8697
P1,0.075 mg,-39.0,9827,10.2674,0.4376
P1,0.075 mg,-33.0,9402,15.4156,2.0528
P1,0.075 mg,-27.0,10370,-4.7674,0.8390
P1,0.075 mg,-21.0,11402,-6.3088,5.0342
P1,0.075 mg,-15.0,12429,-7.8314,0.9494
P1,0.075 mg,-9.0,11981,-11.5795,1.0016
P1,0.075 mg,-3.0,13478,-18.7261,0.0000
P1,0.075 mg,3.0,13777,-16.2484,0.0000
P1,0.075 mg,9.0,12774,-15.5831,0.7672
P1,0.075 mg,15.0,13896,-13.0920,2.8929
P1,0.075 mg,21.0,14770,-17.4587,0.0000
P1,0.075 mg,27.0,14254,-12.9922,0.1193
P1,0.075 mg,33.0,16216,-10.8477,3.7802
P1,0.075 mg,39.0,17803,-11.0279,4.5723
P1,0.075 mg,45.0,20777,-7.6530,4.0862
P1,0.075 mg,51.0,19999,-2.0620,2.6551
P1,0.075 mg,57.0,17174,-15.0035,0.0116
P1,0.075 mg,63.0,18241,-15.8814,0.0000
P1,0.075 mg,69.0,18621,-13.0275,0.6337
P1,0.075 mg,75.0,22103,-3.7172,2.2350
P1,0.075 mg,81.0,19322,-11.6034,2.8672
P1,0.075 mg,87.0,15579,-12.7063,5.2186
P1,0.075 mg,93.0,13107,-0.5527,4.4862
P1,0.075 mg,99.0,13489,1.2026,1.5123
P1,0.075 mg,105.0,18763,-8.9404,4.8553
P1,0.075 mg,111.0,18979,-2.1361,2.5186
P1,0.075 mg,117.0,13757,-4.5067,3.6127
P1,0.075 mg,123.0,13835,-4.7725,5.1030
P1,0.075 mg,129.0,15614,-4.7313,5.5719
P1,0.075 mg,135.0,15823,-8.6411,3.5328
P1,0.075 mg,141.0,16319,-3.8309,6.8754
P1,0.075 mg,147.0,16104,7.2973,4.6821
P1,0.075 mg,153.0,17556,1.9164,5.9239
P1,0.075 mg,159.0,14032,5.4855,8.8655
P1,0.075 mg,165.0,15102,8.6558,7.8996
P1,0.075 mg,171.0,15091,11.2019,2.7036
P1,0.075 mg,177.0,15031,14.9212,8.2962
P1,0.150 mg,-177.0,16384,11.2268,5.7373
P1,0.150 mg,-171.0,17600,31.0047,6.3466
P1,0.150 mg,-165.0,15187,18.5949,2.4890
P1,0.150 mg,-159.0,15450,11.9468,1.8058
P1,0.150 mg,-153.0,17244,9.7668,2.8938
P1,0.150 mg,-147.0,16415,18.3782,1.3951
P1,0.150 mg,-141.0,16356,7.7053,4.0352
P1,0.150 mg,-135.0,13874,6.0145,2.3353
P1,0.150 mg,-129.0,12082,9.7724,2.1685
P1,0.150 mg,-123.0,12024,12.3010,4.1001
P1,0.150 mg,-117.0,14054,30.5625,4.7816
P1,0.150 mg,-111.0,13052,5.0431,0.0000
P1,0.150 mg,-105.0,12502,3.4549,0.1120
P1,0.150 mg,-99.0,11251,-2.1936,1.0932
P1,0.150 mg,-93.0,11982,-3.3918,1.8945
P1,0.150 mg,-87.0,13196,-2.1952,4.4028
P1,0.150 mg,-81.0,10990,-3.6048,3.3030
P1,0.150 mg,-75.0,10044,-6.5752,1.8817
P1,0.150 mg,-69.0,9792,-6.0841,4.4935
P1,0.150 mg,-63.0,9946,-2.0793,3.3883
P1,0.150 mg,-57.0,10330,-5.3269,3.1075
P1,0.150 mg,-51.0,10236,-3.2465,2.7257
P1,0.150 mg,-45.0,10791,0.3188,0.7136
P1,0.150 mg,-39.0,11560,1.0780,2.5346
P1,0.150 mg,-33.0,10340,2.1104,0.9768
P1,0.150 mg,-27.0,10904,0.3290,2.1919
P1,0.150 mg,-21.0,11218,2.5439,1.7650
P1,0.150 mg,-15.0,12696,-6.0938,0.8034
P1,0.150 mg,-9.0,14671,-11.0112,0.0409
P1,0.150 mg,-3.0,15032,-5.5554,0.9846
P1,0.150 mg,3.0,17727,-1.8730,2.2621
P1,0.150 mg,9.0,14144,-5.0339,1.2019
P1,0.150 mg,15.0,13973,-6.5232,3.4996
P1,0.150 mg,21.0,14001,-5.7086,0.4643
P1,0.150 mg,27.0,12103,-7.9994,3.5611
P1,0.150 mg,33.0,15838,0.6455,4.7481
P1,0.150 mg,39.0,15887,-7.0150,2.5618
P1,0.150 mg,45.0,13627,-12.8701,1.1521
P1,0.150 mg,51.0,12711,-10.6428,0.7789
P1,0.150 mg,57.0,15147,11.6818,5.9418
P1,0.150 mg,63.0,13858,5.1555,3.1967
P1,0.150 mg,69.0,13684,-4.9585,1.2789
P1,0.150 mg,75.0,14082,-8.5016,1.3563
P1,0.150 mg,81.0,14858,-10.8970,1.5076
P1,0.150 mg,87.0,13636,-8.1385,2.5447
P1,0.150 mg,93.0,15390,-6.9570,3.5153
P1,0.150 mg,99.0,14071,-4.6000,4.2357
P1,0.150 mg,105.0,12904,-1.4704,4.0840
P1,0.150 mg,111.0,14605,3.4663,5.6556
P1,0.150 mg,117.0,15234,5.5651,2.7898
P1,0.150 mg,123.0,19490,7.6265,1.6880
P1,0.150 mg,129.0,16543,7.5284,5.7426
P1,0.150 mg,135.0,16558,6.4589,3.1707
P1,0.150 mg,141.0,16212,2.7664,2.7634
P1,0.150 mg,147.0,20209,4.7378,0.5542
P1,0.150 mg,153.0,17410,2.9915,1.9070
P1,0.150 mg,159.0,18217,2.9103,3.1235
P1,0.150 mg,165.0,18115,8.9130,2.3682
P1,0.150 mg,171.0,18843,7.4209,4.4950
P1,0.150 mg,177.0,18103,-0.2368,5.1373
P2,placebo,-177.0,16637,-0.3855,8.8898
P2,placebo,-171.0,14230,2.9716,3.4786
P2,placebo,-165.0,13070,12.7924,8.2862
P2,placebo,-159.0,12202,5.3171,5.3844
P2,placebo,-153.0,11183,-7.9165,3.7289
P2,placebo,-147.0,12878,3.0253,6.7324
P2,placebo,-141.0,13202,5.5284,5.6658
P2,placebo,-135.0,12705,-0.7312,5.1555
P2,placebo,-129.0,12842,2.9958,6.2140
P2,placebo,-123.0,10774,-6.1320,6.0516
P2,placebo,-117.0,8611,-4.3951,5.2491
P2,placebo,-111.0,7383,-1.7454,1.3138
P2,placebo,-105.0,7367,-3.3580,6.5563
P2,placebo,-99.0,6938,-1.8480,5.5491
P2,placebo,-93.0,6473,1.4031,8.4968
P2,placebo,-87.0,6323,8.8786,8.8249
P2,placebo,-81.0,6693,8.6704,4.5869
P2,placebo,-75.0,5862,7.5960,4.9642
P2,placebo,-69.0,5185,6.8747,9.0068
P2,placebo,-63.0,5880,0.5444,3.4014
P2,placebo,-57.0,5151,0.3647,3.3392
P2,placebo,-51.0,5286,1.6662,2.7620
P2,placebo,-45.0,5896,-0.1342,9.1248
P2,placebo,-39.0,5710,8.3470,6.2522
P2,placebo,-33.0,4624,-4.8071,2.6384
P2,placebo,-27.0,4458,-8.8671,0.1570
P2,placebo,-21.0,4466,-11.2164,3.5826
P2,placebo,-15.0,3936,-14.9138,0.5335
P2,placebo,-9.0,3771,-12.5233,3.7391
P2,placebo,-3.0,3161,-13.6134,4.8719
P2,placebo,3.0,4114,-16.2118,3.1842
P2,placebo,9.0,2882,-14.5988,0.8328
P2,placebo,15.0,3464,-16.7712,0.0000
P2,placebo,21.0,4263,-12.9289,1.2667
P2,placebo,27.0,4978,-9.6775,5.0020
P2,placebo,33.0,5964,-7.4031,7.1596
P2,placebo,39.0,6242,-16.1170,4.4377
P2,placebo,45.0,6059,-14.7471,3.7795
P2,placebo,51.0,5321,-15.8267,7.5174
P2,placebo,57.0,5366,-17.4294,6.2244
P2,placebo,63.0,5578,-17.1172,5.0914
P2,placebo,69.0,6724,-14.3023,5.8894
P2,placebo,75.0,7113,-14.2139,1.2231
P2,placebo,81.0,8701,-12.2956,1.5056
P2,placebo,87.0,8398,-6.2279,0.8335
P2,placebo,93.0,9217,-2.2953,4.7412
P2,placebo,99.0,8634,7.8795,9.1962
P2,placebo,105.0,9811,2.3249,6.9922
P2,placebo,111.0,9116,7.7709,12.5603
P2,placebo,117.0,10566,10.3798,8.6125
P2,placebo,123.0,9837,9.0602,3.8630
P2,placebo,129.0,8503,6.1466,13.5834
P2,placebo,135.0,8628,5.6354,11.3931
P2,placebo,141.0,10431,1.6618,4.3716
P2,placebo,147.0,11645,-0.0505,4.6715
P2,placebo,153.0,10987,-1.1492,13.3886
P2,placebo,159.0,12022,2.6001,11.5871
P2,placebo,165.0,14424,1.5698,9.0960
P2,placebo,171.0,12056,8.8259,6.0717
P2,placebo,177.0,14186,7.3461,9.0723
P2,0.075 mg,-177.0,21529,-2.7904,5.0583
P2,0.075 mg,-171.0,21396,4.8762,2.9305
P2,0.075 mg,-165.0,17477,-6.8176,3.9252
P2,0.075 mg,-159.0,18386,-8.7350,3.9323
P2,0.075 mg,-153.0,17170,-4.0068,3.8439
P2,0.075 mg,-147.0,19917,12.9496,3.9112
P2,0.075 mg,-141.0,17006,-10.6543,2.9343
P2,0.075 mg,-135.0,17479,-10.5201,3.7130
P2,0.075 mg,-129.0,17281,-11.1952,5.2485
P2,0.075 mg,-123.0,16321,-11.1033,4.7240
P2,0.075 mg,-117.0,14992,-7.6912,2.7148
P2,0.075 mg,-111.0,13616,-5.3110,5.1116
P2,0.075 mg,-105.0,12826,-5.0171,8.5841
P2,0.075 mg,-99.0,13922,-6.4531,5.8181
P2,0.075 mg,-93.0,11418,-2.9157,5.4388
P2,0.075 mg,-87.0,11411,-2.4458,9.7187
P2,0.075 mg,-81.0,11163,-2.7099,7.9996
P2,0.075 mg,-75.0,10213,-0.2979,6.4036
P2,0.075 mg,-69.0,10241,1.0921,5.8197
P2,0.075 mg,-63.0,10529,1.0230,2.3364
P2,0.075 mg,-57.0,9607,4.6866,6.9116
P2,0.075 mg,-51.0,9801,2.2398,4.7444
P2,0.075 mg,-45.0,10630,5.1997,6.6792
P2,0.075 mg,-39.0,11705,4.9248,5.3396
P2,0.075 mg,-33.0,11970,3.4409,6.4495
P2,0.075 mg,-27.0,11368,4.3105,5.4539
P2,0.075 mg,-21.0,10350,3.2778,5.7585
P2,0.075 mg,-15.0,10817,0.4442,5.9721
P2,0.075 mg,-9.0,11852,7.7905,3.0796
P2,0.075 mg,-3.0,11751,1.6626,3.3274
P2,0.075 mg,3.0,11080,2.7884,4.5487
P2,0.075 mg,9.0,10981,17.2585,10.3360
P2,0.075 mg,15.0,13300,8.7365,3.0677
P2,0.075 mg,21.0,12660,5.0731,4.8104
P2,0.075 mg,27.0,12330,3.3991,6.2612
P2,0.075 mg,33.0,12919,3.1686,4.1954
P2,0.075 mg,39.0,13048,9.6479,5.0736
P2,0.075 mg,45.0,13502,-0.3655,3.8365
P2,0.075 mg,51.0,15899,0.0666,3.2895
P2,0.075 mg,57.0,14838,4.9473,5.1287
P2,0.075 mg,63.0,15269,4.9890,4.4862
P2,0.075 mg,69.0,14606,-2.1942,1.5542
P2,0.075 mg,75.0,17711,-4.7519,2.9417
P2,0.075 mg,81.0,19479,-0.8564,5.4623
P2,0.075 mg,87.0,19616,2.8566,4.5473
P2,0.075 mg,93.0,22600,-0.2601,6.5177
P2,0.075 mg,99.0,20655,-7.1478,2.8177
P2,0.075 mg,105.0,19794,-10.8681,3.6072
P2,0.075 mg,111.0,22934,-9.2077,2.7339
P2,0.075 mg,117.0,19534,-5.4613,5.2882
P2,0.075 mg,123.0,18970,-3.7161,6.4101
P2,0.075 mg,129.0,17987,-12.2682,1.7401
P2,0.075 mg,135.0,18277,3.4910,5.7668
P2,0.075 mg,141.0,20736,-3.7279,4.4126
P2,0.075 mg,147.0,23446,8.5202,9.5411
P2,0.075 mg,153.0,20518,-1.1845,5.7413
P2,0.075 mg,159.0,20144,6.9694,9.3874
P2,0.075 mg,165.0,22186,4.5736,10.4480
P2,0.075 mg,171.0,25018,12.9098,4.8285
P2,0.075 mg,177.0,19521,-2.4065,6.7671
P2,0.150 mg,-177.0,20103,4.8161,6.5463
P2,0.150 mg,-171.0,17545,2.5939,13.6620
P2,0.150 mg,-165.0,19465,-4.2752,7.2386
P2,0.150 mg,-159.0,17285,8.5822,9.1872
P2,0.150 mg,-153.0,17006,-7.0244,6.7388
P2,0.150 mg,-147.0,15376,-5.3265,5.0728
P2,0.150 mg,-141.0,13182,-11.2148,5.4013
P2,0.150 mg,-135.0,12027,-10.4806,9.6699
P2,0.150 mg,-129.0,11970,-6.7716,7.7360
P2,0.150 mg,-123.0,11670,-8.9186,4.8929
P2,0.150 mg,-117.0,11063,-10.7093,3.6337
P2,0.150 mg,-111.0,10890,-5.9333,6.7493
P2,0.150 mg,-105.0,10660,-12.5116,6.1820
P2,0.150 mg,-99.0,9805,-11.0694,3.3554
P2,0.150 mg,-93.0,9248,-14.3115,8.5965
P2,0.150 mg,-87.0,9310,-16.2681,11.4286
P2,0.150 mg,-81.0,8736,-14.3015,3.5714
P2,0.150 mg,-75.0,8344,-11.5946,2.9243
P2,0.150 mg,-69.0,7806,-19.8993,2.0369
P2,0.150 mg,-63.0,8327,-20.5786,3.3145
P2,0.150 mg,-57.0,7822,-16.4449,7.2488
P2,0.150 mg,-51.0,8343,-13.3628,5.7413
P2,0.150 mg,-45.0,8292,-20.4267,4.3777
P2,0.150 mg,-39.0,7453,-18.6564,2.5896
P2,0.150 mg,-33.0,7314,-22.2453,3.7873
P2,0.150 mg,-27.0,8065,-12.2028,6.7824
P2,0.150 mg,-21.0,7110,-17.2426,6.3994
P2,0.150 mg,-15.0,8447,-17.1887,9.1157
P2,0.150 mg,-9.0,9361,-1.4064,9.7746
P2,0.150 mg,-3.0,9272,-5.3121,3.0738
P2,0.150 mg,3.0,8572,-19.1177,7.0929
P2,0.150 mg,9.0,8619,-22.1133,2.6801
P2,0.150 mg,15.0,8371,-16.7711,1.8277
P2,0.150 mg,21.0,9774,-16.3011,2.2816
P2,0.150 mg,27.0,10218,5.7581,9.4441
P2,0.150 mg,33.0,9601,-9.6033,3.9683
P2,0.150 mg,39.0,11357,-7.5778,9.0869
P2,0.150 mg,45.0,11273,-13.7003,7.3272
P2,0.150 mg,51.0,10085,-12.9067,7.1294
P2,0.150 mg,57.0,8049,-6.9199,7.5662
P2,0.150 mg,63.0,10181,-7.8078,5.0781
P2,0.150 mg,69.0,12435,-8.1079,3.5947
P2,0.150 mg,75.0,13222,-9.8044,1.8757
P2,0.150 mg,81.0,11223,-13.5687,8.1796
P2,0.150 mg,87.0,11318,-11.4693,6.9182
P2,0.150 mg,93.0,12526,-18.8693,2.8261
P2,0.150 mg,99.0,13320,-8.0734,2.4324
P2,0.150 mg,105.0,18418,-8.6736,5.7064
P2,0.150 mg,111.0,19068,6.6643,6.3824
P2,0.150 mg,117.0,15237,1.3014,8.9322
P2,0.150 mg,123.0,16834,-4.6676,8.9759
P2,0.150 mg,129.0,19594,2.7494,4.2156
P2,0.150 mg,135.0,17616,0.8915,8.6739
P2,0.150 mg,141.0,18434,-2.8674,9.1895
P2,0.150 mg,147.0,17024,-7.4435,6.5789
P2,0.150 mg,153.0,18664,-5.3867,3.2790
P2,0.150 mg,159.0,18279,-8.3264,4.4696
P2,0.150 mg,165.0,19774,-5.7516,5.4516
P2,0.150 mg,171.0,18514,-1.9377,7.0865
P2,0.150 mg,177.0,18892,-3.3700,7.8763
P3,placebo,-177.0,8879,22.1533,9.5281
P3,placebo,-171.0,7344,32.3079,4.2756
P3,placebo,-165.0,8245,9.1778,2.5834
P3,placebo,-159.0,8105,18.9868,1.7397
P3,placebo,-153.0,7343,26.9426,12.2293
P3,placebo,-147.0,5216,35.3797,3.5660
P3,placebo,-141.0,4734,48.5329,6.4216
P3,placebo,-135.0,4358,59.9011,12.4369
P3,placebo,-129.0,4651,56.2255,3.4616
P3,placebo,-123.0,4242,46.7102,11.5276
P3,placebo,-117.0,3467,40.3246,3.6054
P3,placebo,-111.0,3371,42.7389,1.8392
P3,placebo,-105.0,2390,50.1254,10.4184
P3,placebo,-99.0,2328,42.1402,8.5911
P3,placebo,-93.0,2118,43.0571,6.1851
P3,placebo,-87.0,2142,33.5556,7.1429
P3,placebo,-81.0,2356,30.8522,3.0136
P3,placebo,-75.0,2126,38.0640,1.0348
P3,placebo,-69.0,2216,34.2347,2.2112
P3,placebo,-63.0,2182,37.0227,0.0000
P3,placebo,-57.0,1879,48.5440,0.0000
P3,placebo,-51.0,2663,29.4095,0.1878
P3,placebo,-45.0,3345,26.1983,3.2885
P3,placebo,-39.0,2592,28.2138,12.6543
P3,placebo,-33.0,2106,24.9298,11.0161
P3,placebo,-27.0,2599,10.4324,12.1970
P3,placebo,-21.0,1828,11.0324,12.8009
P3,placebo,-15.0,1913,2.1675,0.0000
P3,placebo,-9.0,1887,5.6943,0.5829
P3,placebo,-3.0,2466,3.9323,0.8921
P3,placebo,3.0,2219,-1.7370,3.3348
P3,placebo,9.0,2086,-4.2360,1.4861
P3,placebo,15.0,2341,-17.2683,1.0252
P3,placebo,21.0,2336,-19.6441,0.8134
P3,placebo,27.0,1477,-14.2125,2.4374
P3,placebo,33.0,1405,-8.2854,9.7509
P3,placebo,39.0,1968,-2.4663,5.8943
P3,placebo,45.0,3088,1.1330,12.7591
P3,placebo,51.0,3790,-8.5921,3.5356
P3,placebo,57.0,3804,-8.7994,0.2366
P3,placebo,63.0,4137,-4.2263,0.1692
P3,placebo,69.0,4051,-7.9685,0.5678
P3,placebo,75.0,5384,-3.8582,1.7088
P3,placebo,81.0,4680,20.0615,9.3590
P3,placebo,87.0,3925,13.0710,1.0701
P3,placebo,93.0,5257,7.3895,4.3181
P3,placebo,99.0,5141,5.6741,5.6409
P3,placebo,105.0,6499,4.1388,6.2779
P3,placebo,111.0,7869,25.3641,5.5789
P3,placebo,117.0,9337,52.6978,9.6498
P3,placebo,123.0,6408,6.7285,3.6985
P3,placebo,129.0,8357,2.8641,1.5556
P3,placebo,135.0,7736,-0.2105,0.7885
P3,placebo,141.0,7523,3.0383,0.0000
P3,placebo,147.0,7466,14.1857,4.2861
P3,placebo,153.0,7605,8.3218,6.0487
P3,placebo,159.0,9342,6.7531,2.8581
P3,placebo,165.0,8465,1.9748,2.2800
P3,placebo,171.0,8465,6.5573,4.9852
P3,placebo,177.0,8391,12.9112,3.4799
P3,0.075 mg,-177.0,10142,36.3761,4.4271
P3,0.075 mg,-171.0,11180,29.5205,6.1986
P3,0.075 mg,-165.0,8207,45.8150,7.3230
P3,0.075 mg,-159.0,7685,24.0421,6.5062
P3,0.075 mg,-153.0,7760,26.7648,2.5129
P3,0.075 mg,-147.0,7853,42.8205,8.8374
P3,0.075 mg,-141.0,6343,39.7931,10.6889
P3,0.075 mg,-135.0,6630,36.1172,9.2157
P3,0.075 mg,-129.0,7744,77.1514,0.2712
P3,0.075 mg,-123.0,4958,63.1064,5.1432
P3,0.075 mg,-117.0,4502,52.1272,6.5304
P3,0.075 mg,-111.0,4431,49.5673,9.0950
P3,0.075 mg,-105.0,4683,42.6834,7.0041
P3,0.075 mg,-99.0,4156,40.2880,3.5130
P3,0.075 mg,-93.0,3065,52.0822,3.8173
P3,0.075 mg,-87.0,2956,51.6455,0.1015
P3,0.075 mg,-81.0,2859,42.1755,6.7856
P3,0.075 mg,-75.0,2102,49.7198,2.6166
P3,0.075 mg,-69.0,1660,57.8837,3.0723
P3,0.075 mg,-63.0,1633,34.2375,10.3491
P3,0.075 mg,-57.0,1434,19.6676,14.5049
P3,0.075 mg,-51.0,1796,17.4461,4.8441
P3,0.075 mg,-45.0,1654,27.1214,2.9021
P3,0.075 mg,-39.0,1778,12.2143,2.6997
P3,0.075 mg,-33.0,1783,5.4692,0.0000
P3,0.075 mg,-27.0,1350,-5.6561,0.0000
P3,0.075 mg,-21.0,1523,-11.5978,3.4143
P3,0.075 mg,-15.0,1742,-8.0271,1.6073
P3,0.075 mg,-9.0,2390,-16.2566,0.0000
P3,0.075 mg,-3.0,1109,-4.1765,1.9838
P3,0.075 mg,3.0,1554,6.7505,0.0000
P3,0.075 mg,9.0,1513,-0.2411,20.2247
P3,0.075 mg,15.0,1211,-10.9507,2.8076
P3,0.075 mg,21.0,1664,-20.6479,0.0000
P3,0.075 mg,27.0,1839,-23.7120,0.8157
P3,0.075 mg,33.0,1504,-17.3558,0.0000
P3,0.075 mg,39.0,1190,-14.1514,0.0000
P3,0.075 mg,45.0,825,-12.2501,0.0000
P3,0.075 mg,51.0,874,-15.3312,0.0000
P3,0.075 mg,57.0,1282,-12.2836,0.0000
P3,0.075 mg,63.0,1200,-18.9709,0.0000
P3,0.075 mg,69.0,1141,-19.9272,0.0000
P3,0.075 mg,75.0,1438,-21.8071,0.0000
P3,0.075 mg,81.0,1699,-18.7505,0.0000
P3,0.075 mg,87.0,1653,-21.2504,1.7544
P3,0.075 mg,93.0,3454,-28.4391,1.1581
P3,0.075 mg,99.0,6118,5.4135,7.4861
P3,0.075 mg,105.0,5432,-1.2086,0.0000
P3,0.075 mg,111.0,4406,-15.0753,0.0000
P3,0.075 mg,117.0,7178,8.5298,4.1794
P3,0.075 mg,123.0,8462,7.4373,5.8851
P3,0.075 mg,129.0,7251,-14.5492,4.0270
P3,0.075 mg,135.0,7091,-9.3796,2.1436
P3,0.075 mg,141.0,8635,-9.5202,0.9265
P3,0.075 mg,147.0,7059,-5.2298,0.0000
P3,0.075 mg,153.0,7881,-8.0890,1.2562
P3,0.075 mg,159.0,7643,13.7050,10.8858
P3,0.075 mg,165.0,7132,9.5710,7.4173
P3,0.075 mg,171.0,8664,55.7359,12.5231
P3,0.075 mg,177.0,7953,34.0472,4.8284
P3,0.150 mg,-177.0,13708,6.3360,8.6008
P3,0.150 mg,-171.0,12956,-1.3020,4.0908
P3,0.150 mg,-165.0,12507,-7.3529,7.8916
P3,0.150 mg,-159.0,10003,-5.3118,2.9691
P3,0.150 mg,-153.0,9855,-1.2438,7.1131
P3,0.150 mg,-147.0,9329,5.8744,5.7026
P3,0.150 mg,-141.0,10130,15.1705,8.3613
P3,0.150 mg,-135.0,9318,9.4232,12.9105
P3,0.150 mg,-129.0,9006,6.4344,9.2383
P3,0.150 mg,-123.0,10049,-4.7041,8.6675
P3,0.150 mg,-117.0,9674,-4.7079,4.2485
P3,0.150 mg,-111.0,9716,-1.6470,1.9761
P3,0.150 mg,-105.0,10516,6.1001,11.4777
P3,0.150 mg,-99.0,9918,16.7627,8.0359
P3,0.150 mg,-93.0,8092,14.6639,3.8309
P3,0.150 mg,-87.0,8391,24.3185,10.1180
P3,0.150 mg,-81.0,8121,17.3800,10.8977
P3,0.150 mg,-75.0,7279,14.9264,9.3007
P3,0.150 mg,-69.0,7457,17.5585,8.5423
P3,0.150 mg,-63.0,7388,14.8258,7.4310
P3,0.150 mg,-57.0,6721,16.4111,5.5349
P3,0.150 mg,-51.0,7131,13.4388,7.3202
P3,0.150 mg,-45.0,7253,12.2636,8.7964
P3,0.150 mg,-39.0,6615,14.8842,7.0144
P3,0.150 mg,-33.0,5834,22.9502,7.1649
P3,0.150 mg,-27.0,5591,27.6815,8.6925
P3,0.150 mg,-21.0,5951,32.6100,7.7466
P3,0.150 mg,-15.0,7305,45.5135,12.6352
P3,0.150 mg,-9.0,5652,30.6378,2.5655
P3,0.150 mg,-3.0,4538,33.9828,5.0683
P3,0.150 mg,3.0,4701,22.2554,8.5514
P3,0.150 mg,9.0,3562,42.9550,12.4088
P3,0.150 mg,15.0,3695,36.7156,11.0419
P3,0.150 mg,21.0,4563,22.7502,6.9691
P3,0.150 mg,27.0,6358,19.7888,6.3070
P3,0.150 mg,33.0,4741,32.9933,2.1304
P3,0.150 mg,39.0,5143,28.6592,6.9804
P3,0.150 mg,45.0,7102,14.7069,13.4047
P3,0.150 mg,51.0,6015,26.7528,11.2219
P3,0.150 mg,57.0,7361,25.7103,5.8416
P3,0.150 mg,63.0,6997,23.0505,10.1472
P3,0.150 mg,69.0,6894,25.5096,16.5071
P3,0.150 mg,75.0,8266,22.0968,12.9325
P3,0.150 mg,81.0,7492,32.8718,7.1676
P3,0.150 mg,87.0,8098,31.2967,6.1003
P3,0.150 mg,93.0,7511,26.1879,4.6598
P3,0.150 mg,99.0,12592,18.2166,2.4381
P3,0.150 mg,105.0,13185,9.7462,4.6796
P3,0.150 mg,111.0,12822,10.9001,8.3060
P3,0.150 mg,117.0,14589,10.5903,7.4234
P3,0.150 mg,123.0,15379,8.9045,6.0147
P3,0.150 mg,129.0,16891,7.2447,12.0597
P3,0.150 mg,135.0,18171,19.0004,7.0222
P3,0.150 mg,141.0,17474,7.0075,10.6844
P3,0.150 mg,147.0,19115,5.4947,7.8106
P3,0.150 mg,153.0,15843,15.7012,10.7240
P3,0.150 mg,159.0,13826,17.0260,6.0104
P3,0.150 mg,165.0,16246,12.3290,5.5214
P3,0.150 mg,171.0,15684,7.4637,3.7363
P3,0.150 mg,177.0,12991,9.5903,7.1434
P4,placebo,-177.0,8907,-19.5722,1.9086
P4,placebo,-171.0,6247,-12.6468,0.9605
P4,placebo,-165.0,4572,-10.7050,0.0000
P4,placebo,-159.0,5185,-14.2741,0.0000
P4,placebo,-153.0,5580,-13.4988,0.0000
P4,placebo,-147.0,7551,-14.6397,2.2249
P4,placebo,-141.0,7803,-12.6786,1.1534
P4,placebo,-135.0,7401,-12.0633,1.5944
P4,placebo,-129.0,5651,-9.5079,4.8310
P4,placebo,-123.0,4826,-4.0874,0.5180
P4,placebo,-117.0,4447,-2.0823,3.3281
P4,placebo,-111.0,3963,3.9482,0.3028
P4,placebo,-105.0,3919,-0.8577,0.0000
P4,placebo,-99.0,4920,-2.3097,2.9268
P4,placebo,-93.0,4161,-6.0787,0.4566
P4,placebo,-87.0,3943,-4.4999,0.7862
P4,placebo,-81.0,6806,142.5845,0.0000
P4,placebo,-75.0,4229,19.8907,0.0000
P4,placebo,-69.0,5030,16.1268,0.0000
P4,placebo,-63.0,6170,-11.8540,0.0000
P4,placebo,-57.0,4884,-7.1709,2.9894
P4,placebo,-51.0,5148,-1.8400,0.2720
P4,placebo,-45.0,4070,-7.0772,0.0000
P4,placebo,-39.0,3568,-11.7975,0.0000
P4,placebo,-33.0,3236,-14.3730,0.0000
P4,placebo,-27.0,3112,-14.0916,0.0000
P4,placebo,-21.0,3133,-16.4901,0.0000
P4,placebo,-15.0,3623,-18.9473,0.0000
P4,placebo,-9.0,3605,-23.8540,0.0000
P4,placebo,-3.0,3764,-22.8565,0.0000
P4,placebo,3.0,3010,-17.9878,0.0000
P4,placebo,9.0,3008,-10.4294,0.0000
P4,placebo,15.0,3429,-10.3443,0.0000
P4,placebo,21.0,2899,-10.5141,0.0000
P4,placebo,27.0,2762,-12.8629,0.0000
P4,placebo,33.0,3049,-4.5169,0.0000
P4,placebo,39.0,3244,-20.4722,0.0000
P4,placebo,45.0,2827,-21.8454,0.5660
P4,placebo,51.0,3139,-24.1349,0.3823
P4,placebo,57.0,3819,-20.0037,1.5973
P4,placebo,63.0,4014,-28.2887,0.0000
P4,placebo,69.0,3067,-17.7063,2.6084
P4,placebo,75.0,3891,-10.5033,0.0000
P4,placebo,81.0,4248,-17.1700,2.3540
P4,placebo,87.0,3597,-15.8506,1.1120
P4,placebo,93.0,3531,-1.3702,0.0000
P4,placebo,99.0,3757,8.6659,0.0000
P4,placebo,105.0,2883,-5.8777,2.1852
P4,placebo,111.0,4266,0.1836,0.0000
P4,placebo,117.0,6422,-6.5416,0.2647
P4,placebo,123.0,5523,-7.7624,2.2271
P4,placebo,129.0,5526,-8.1566,0.7962
P4,placebo,135.0,6049,-7.3761,1.6036
P4,placebo,141.0,4944,-6.5714,1.6383
P4,placebo,147.0,5158,-5.3163,1.1245
P4,placebo,153.0,4289,-1.7498,0.0000
P4,placebo,159.0,5178,-3.8222,0.3862
P4,placebo,165.0,6238,0.5778,1.1542
P4,placebo,171.0,7191,-6.5147,1.5992
P4,placebo,177.0,7289,-11.5585,0.1372
P4,0.075 mg,-177.0,1088,-0.7210,0.0000
P4,0.075 mg,-171.0,1160,-3.0005,0.0000
P4,0.075 mg,-165.0,1180,-4.2790,0.0000
P4,0.075 mg,-159.0,1052,-0.4654,0.0000
P4,0.075 mg,-153.0,1019,-0.5148,0.0000
P4,0.075 mg,-147.0,2616,14.8132,4.5872
P4,0.075 mg,-141.0,2122,12.8831,0.0000
P4,0.075 mg,-135.0,1782,8.3209,7.8563
P4,0.075 mg,-129.0,1356,-19.1516,0.0000
P4,0.075 mg,-123.0,1015,-16.2397,0.0000
P4,0.075 mg,-117.0,916,-14.7300,0.0000
P4,0.075 mg,-111.0,1535,-18.9261,11.7264
P4,0.075 mg,-105.0,1287,-18.9200,0.0000
P4,0.075 mg,-99.0,1079,-17.0042,0.0000
P4,0.075 mg,-93.0,888,-15.8174,0.0000
P4,0.075 mg,-87.0,819,-13.1426,0.0000
P4,0.075 mg,-81.0,926,-15.7053,0.0000
P4,0.075 mg,-75.0,921,-15.0903,0.0000
P4,0.075 mg,-69.0,945,-15.2009,0.0000
P4,0.075 mg,-63.0,815,-11.9902,0.0000
P4,0.075 mg,-57.0,943,-15.8465,4.4539
P4,0.075 mg,-51.0,898,-14.3604,8.4633
P4,0.075 mg,-45.0,743,-10.6155,8.3445
P4,0.075 mg,-39.0,742,-11.8280,0.0000
P4,0.075 mg,-33.0,756,-11.5865,0.0000
P4,0.075 mg,-27.0,691,-10.3125,0.1447
P4,0.075 mg,-21.0,999,-8.7590,0.0000
P4,0.075 mg,-15.0,996,-8.1631,0.0000
P4,0.075 mg,-9.0,1057,-9.2547,0.0000
P4,0.075 mg,-3.0,1057,-9.9940,0.0000
P4,0.075 mg,3.0,744,-3.5377,0.0000
P4,0.075 mg,9.0,717,-2.4758,0.0000
P4,0.075 mg,15.0,722,-0.9128,0.0000
P4,0.075 mg,21.0,688,1.1399,0.0000
P4,0.075 mg,27.0,684,1.3444,0.0000
P4,0.075 mg,33.0,781,-1.7477,0.0000
P4,0.075 mg,39.0,777,-1.4269,0.0000
P4,0.075 mg,45.0,791,-1.8951,0.0000
P4,0.075 mg,51.0,774,-1.7046,0.0000
P4,0.075 mg,57.0,924,-3.4967,0.0000
P4,0.075 mg,63.0,1422,3.5333,0.0000
P4,0.075 mg,69.0,1103,-0.3864,0.0000
P4,0.075 mg,75.0,1002,-2.1359,6.6866
P4,0.075 mg,81.0,1072,2.3188,16.1381
P4,0.075 mg,87.0,1045,1.5338,0.0000
P4,0.075 mg,93.0,904,-11.7078,0.0000
P4,0.075 mg,99.0,966,-10.8873,0.0000
P4,0.075 mg,105.0,950,-8.2237,0.0000
P4,0.075 mg,111.0,926,-7.2203,0.0000
P4,0.075 mg,117.0,856,-6.7191,0.0000
P4,0.075 mg,123.0,1601,-33.7487,0.0000
P4,0.075 mg,129.0,2595,-18.3647,0.0000
P4,0.075 mg,135.0,2370,-19.1614,0.0000
P4,0.075 mg,141.0,2648,-12.4552,0.0000
P4,0.075 mg,147.0,2656,-8.9515,0.0000
P4,0.075 mg,153.0,2455,7.7747,8.9613
P4,0.075 mg,159.0,2770,24.6991,5.3791
P4,0.075 mg,165.0,2167,12.3424,3.1380
P4,0.075 mg,171.0,1388,-9.4940,0.0000
P4,0.075 mg,177.0,1087,-2.7982,0.0000
P4,0.150 mg,-177.0,7796,-11.9757,0.4361
P4,0.150 mg,-171.0,8467,-11.0358,0.4134
P4,0.150 mg,-165.0,11108,-7.1731,0.5852
P4,0.150 mg,-159.0,10313,-9.7635,1.1539
P4,0.150 mg,-153.0,11994,-4.1785,1.1756
P4,0.150 mg,-147.0,11936,-3.8511,1.1478
P4,0.150 mg,-141.0,10903,5.8980,0.0000
P4,0.150 mg,-135.0,8223,3.1603,0.5351
P4,0.150 mg,-129.0,7875,4.7857,3.5810
P4,0.150 mg,-123.0,7173,4.8189,1.3384
P4,0.150 mg,-117.0,7117,6.0271,2.5292
P4,0.150 mg,-111.0,7485,5.5679,1.6700
P4,0.150 mg,-105.0,7893,5.8719,0.3801
P4,0.150 mg,-99.0,7482,7.5305,0.7485
P4,0.150 mg,-93.0,7796,5.5897,0.9749
P4,0.150 mg,-87.0,7391,4.1458,0.0271
P4,0.150 mg,-81.0,6574,7.0549,0.0000
P4,0.150 mg,-75.0,6244,11.9419,0.0000
P4,0.150 mg,-69.0,5672,6.7673,0.6523
P4,0.150 mg,-63.0,7079,16.3592,1.5256
P4,0.150 mg,-57.0,6421,2.4802,0.0000
P4,0.150 mg,-51.0,6373,1.4336,0.0000
P4,0.150 mg,-45.0,5872,1.2586,0.0000
P4,0.150 mg,-39.0,6824,-1.7818,0.0000
P4,0.150 mg,-33.0,5366,-4.0333,0.0000
P4,0.150 mg,-27.0,5700,-9.3917,0.0000
P4,0.150 mg,-21.0,5056,-7.3868,0.0000
P4,0.150 mg,-15.0,5664,-13.1208,0.0000
P4,0.150 mg,-9.0,5986,-14.2995,2.6729
P4,0.150 mg,-3.0,6104,-9.4664,1.3106
P4,0.150 mg,3.0,6437,-10.1379,0.0000
P4,0.150 mg,9.0,6080,-9.0117,0.0000
P4,0.150 mg,15.0,6203,-10.3170,0.0000
P4,0.150 mg,21.0,5834,-8.5790,0.0000
P4,0.150 mg,27.0,5974,-8.2242,0.0000
P4,0.150 mg,33.0,6809,-5.4631,0.0000
P4,0.150 mg,39.0,7335,-8.3699,0.0000
P4,0.150 mg,45.0,6252,-8.7217,0.3679
P4,0.150 mg,51.0,6411,-7.3879,0.0000
P4,0.150 mg,57.0,7061,2.7926,0.0000
P4,0.150 mg,63.0,6871,13.9885,0.0000
P4,0.150 mg,69.0,7452,9.5083,0.0000
P4,0.150 mg,75.0,6849,7.2059,0.0000
P4,0.150 mg,81.0,7711,3.3833,1.8156
P4,0.150 mg,87.0,6495,11.1215,2.4634
P4,0.150 mg,93.0,8400,8.6314,0.0000
P4,0.150 mg,99.0,10099,34.6974,5.1490
P4,0.150 mg,105.0,6760,9.5748,0.0000
P4,0.150 mg,111.0,6720,7.9616,0.0000
P4,0.150 mg,117.0,7341,6.1298,0.0000
P4,0.150 mg,123.0,7393,3.1779,0.0000
P4,0.150 mg,129.0,9539,-6.4671,0.0000
P4,0.150 mg,135.0,7227,-11.7718,0.0000
P4,0.150 mg,141.0,8253,-11.9727,0.0000
P4,0.150 mg,147.0,7486,-10.3741,0.0000
P4,0.150 mg,153.0,7122,-9.2604,0.0000
P4,0.150 mg,159.0,6612,-7.9736,1.0133
P4,0.150 mg,165.0,8377,-12.4910,2.3278
P4,0.150 mg,171.0,9373,-13.2342,0.8428
P4,0.150 mg,177.0,7925,-11.8134,2.2334
