participant,dose,time_h,stage,pupil_iris,aperiodic_exponent
P1,0.150 mg,0.0208,W,0.2438,0.8981
P1,0.150 mg,0.0292,W,0.2456,1.6144
P1,0.150 mg,0.0375,W,0.2516,1.5314
P1,0.150 mg,0.0458,W,0.2503,1.6632
P1,0.150 mg,0.0542,W,0.4517,1.6404
P1,0.150 mg,0.0625,N1,0.5868,1.8237
P1,0.150 mg,0.0708,N2,0.5877,2.0189
P1,0.150 mg,0.0792,N2,0.5934,2.0883
P1,0.150 mg,0.0875,N2,0.5414,2.4757
P1,0.150 mg,0.0958,N2,0.4059,2.6193
P1,0.150 mg,0.1042,N2,0.3031,2.1360
P1,0.150 mg,0.1125,N2,0.2799,2.7076
P1,0.150 mg,0.1208,N2,0.2458,2.7199
P1,0.150 mg,0.1292,N2,0.2329,2.7407
P1,0.150 mg,0.1375,N2,0.2679,2.8842
P1,0.150 mg,0.1458,N2,0.2532,3.0001
P1,0.150 mg,0.1542,N2,0.2301,2.8957
P1,0.150 mg,0.1625,N2,0.2282,2.7535
P1,0.150 mg,0.1708,N2,0.2115,2.8063
P1,0.150 mg,0.1792,N2,0.2335,3.0002
P1,0.150 mg,0.1875,N2,0.2103,2.7960
P1,0.150 mg,0.1958,N2,0.2124,3.0021
P1,0.150 mg,0.2042,N2,0.2075,2.9633
P1,0.150 mg,0.2125,N2,0.2023,2.8399
P1,0.150 mg,0.2208,N2,0.2039,3.0308
P1,0.150 mg,0.2292,N2,0.1967,2.8604
P1,0.150 mg,0.2375,N3,0.2083,3.1816
P1,0.150 mg,0.2458,N3,0.2007,3.0568
P1,0.150 mg,0.2542,N3,0.2051,3.0246
P1,0.150 mg,0.2625,N3,0.2005,3.1065
P1,0.150 mg,0.2708,N3,0.2002,3.0627
P1,0.150 mg,0.2792,N3,0.2086,3.1143
P1,0.150 mg,0.2875,N3,0.2043,3.2854
P1,0.150 mg,0.2958,N3,0.1917,3.0664
P1,0.150 mg,0.3042,N3,0.1863,3.2037
P1,0.150 mg,0.3125,N3,0.1909,3.1931
P1,0.150 mg,0.3208,N3,0.1906,3.2611
P1,0.150 mg,0.3292,N3,0.1947,3.2152
P1,0.150 mg,0.3375,N3,0.1903,3.3318
P1,0.150 mg,0.3458,N3,0.1937,3.2933
P1,0.150 mg,0.3542,N3,0.1966,3.2562
P1,0.150 mg,0.3625,N3,0.1909,3.4103
P1,0.150 mg,0.3708,N3,0.1908,3.3355
P1,0.150 mg,0.3792,N3,0.1917,3.3659
P1,0.150 mg,0.3875,N3,0.1891,3.4553
P1,0.150 mg,0.3958,N3,0.1852,3.5206
P1,0.150 mg,0.4042,N3,0.1895,3.3824
P1,0.150 mg,0.4125,N3,0.1926,3.4439
P1,0.150 mg,0.4208,N3,0.1957,3.4789
P1,0.150 mg,0.4292,N3,0.1931,3.2692
P1,0.150 mg,0.4375,N3,0.1917,3.4928
P1,0.150 mg,0.4458,N3,0.1921,3.3354
P1,0.150 mg,0.4542,N3,0.1916,3.4162
P1,0.150 mg,0.4625,N3,0.1831,3.4622
P1,0.150 mg,0.4708,N3,0.1880,3.5578
P1,0.150 mg,0.4792,N3,0.1925,3.4899
P1,0.150 mg,0.4875,N3,0.1865,3.4057
P1,0.150 mg,0.4958,N3,0.1919,3.4392
P1,0.150 mg,0.5042,N3,0.1940,3.4923
P1,0.150 mg,0.5125,N3,0.1933,3.3506
P1,0.150 mg,0.5208,N3,0.2000,3.4593
P1,0.150 mg,0.5292,N3,0.1914,3.5178
P1,0.150 mg,0.5375,N3,0.1917,3.6051
P1,0.150 mg,0.5458,N3,0.2027,3.5894
P1,0.150 mg,0.5542,N3,0.1949,3.4062
P1,0.150 mg,0.5625,N3,0.1922,3.5273
P1,0.150 mg,0.5708,N3,0.1939,3.5132
P1,0.150 mg,0.5792,N3,0.1880,3.6437
P1,0.150 mg,0.5875,N3,0.1899,3.5336
P1,0.150 mg,0.5958,N3,0.1879,3.5244
P1,0.150 mg,0.6042,N3,0.1903,3.4225
P1,0.150 mg,0.6125,N3,0.1940,3.5761
P1,0.150 mg,0.6208,N3,0.1900,3.5203
P1,0.150 mg,0.6292,N3,0.2002,3.5795
P1,0.150 mg,0.6375,N3,0.1951,3.5636
P1,0.150 mg,0.6458,N3,0.1966,3.3715
P1,0.150 mg,0.6542,N3,0.1994,3.5794
P1,0.150 mg,0.6625,N3,0.1940,3.5874
P1,0.150 mg,0.6708,N3,0.1937,3.5701
P1,0.150 mg,0.6792,N3,0.1847,3.5321
P1,0.150 mg,0.6875,N3,0.1867,3.6006
P1,0.150 mg,0.6958,N3,0.1870,3.4178
P1,0.150 mg,0.7042,N3,0.1976,3.5849
P1,0.150 mg,0.7125,N3,0.1905,3.4906
P1,0.150 mg,0.7208,N3,0.1964,3.4769
P1,0.150 mg,0.7292,N3,0.1967,3.4891
P1,0.150 mg,0.7375,N3,0.2038,2.2639
P1,0.150 mg,0.7458,W,0.2020,1.6946
P1,0.150 mg,0.7542,N1,0.2042,2.4257
P1,0.150 mg,0.7625,N2,0.2259,2.5047
P1,0.150 mg,0.7708,N2,0.2235,2.4984
P1,0.150 mg,0.7792,N2,0.5479,2.3840
P1,0.150 mg,0.7958,N2,0.5424,2.2251
P1,0.150 mg,0.8042,N2,0.5377,2.4228
P1,0.150 mg,0.8125,N2,0.5369,2.4418
P1,0.150 mg,0.8208,N2,0.5145,2.3573
P1,0.150 mg,0.8292,N2,0.3869,2.3948
P1,0.150 mg,0.8375,N2,0.5571,2.6208
P1,0.150 mg,0.8458,N2,0.4876,2.0878
P1,0.150 mg,0.8542,N2,0.4579,2.2909
P1,0.150 mg,0.8625,N2,0.4730,2.6672
P1,0.150 mg,0.8708,N2,0.4490,2.4186
P1,0.150 mg,0.8792,N2,0.2896,2.5255
P1,0.150 mg,0.8875,N2,0.5701,2.5858
P1,0.150 mg,0.8958,N2,0.2486,2.4061
P1,0.150 mg,0.9042,N2,0.5000,2.3192
P1,0.150 mg,0.9125,N2,0.4026,2.5965
P1,0.150 mg,0.9208,N2,0.4475,2.5007
P1,0.150 mg,0.9292,N2,0.3709,3.0652
P1,0.150 mg,0.9375,N2,0.4320,2.7075
P1,0.150 mg,0.9458,N2,0.2628,2.6852
P1,0.150 mg,0.9542,N2,0.2311,3.1010
P1,0.150 mg,0.9625,N2,0.2312,2.7370
P1,0.150 mg,0.9708,N2,0.5762,3.1799
P1,0.150 mg,0.9792,N2,0.4758,3.1933
P1,0.150 mg,0.9875,N2,0.4192,2.5259
P1,0.150 mg,0.9958,N2,0.2411,2.2939
P1,0.150 mg,1.0042,N2,0.2251,2.5165
P1,0.150 mg,1.0125,N2,0.2161,2.8292
P1,0.150 mg,1.0292,W,0.3344,1.6667
P1,0.150 mg,1.0375,W,0.5772,1.7323
P1,0.150 mg,1.0458,W,0.4195,1.8098
P1,0.150 mg,1.0542,W,0.3150,1.6154
P1,0.150 mg,1.1208,N1,0.5443,2.3014
P1,0.150 mg,1.1292,N1,0.4979,2.4485
P1,0.150 mg,1.1458,N1,0.5536,2.2758
P1,0.150 mg,1.1542,N1,0.4953,2.1011
P1,0.150 mg,1.1708,N2,0.4802,2.5084
P1,0.150 mg,1.1792,N2,0.4806,2.7530
P1,0.150 mg,1.1875,N2,0.4613,2.5035
P1,0.150 mg,1.1958,N2,0.4719,2.3043
P1,0.150 mg,1.2042,N2,0.4173,2.8030
P1,0.150 mg,1.2125,N2,0.3534,2.6861
P1,0.150 mg,1.2208,N2,0.4031,2.5184
P1,0.150 mg,1.2292,N2,0.4588,2.8483
P1,0.150 mg,1.2375,N2,0.2850,3.0250
P1,0.150 mg,1.2458,N2,0.3448,2.6975
P1,0.150 mg,1.2542,N2,0.3553,2.6318
P1,0.150 mg,1.2625,N2,0.2973,3.0224
P1,0.150 mg,1.2708,N2,0.4444,2.5714
P1,0.150 mg,1.2792,N2,0.3724,2.8699
P1,0.150 mg,1.2875,N2,0.3542,2.5668
P1,0.150 mg,1.2958,N2,0.2699,2.8461
P1,0.150 mg,1.3042,W,0.4009,1.4621
P1,0.150 mg,1.3125,W,0.4313,1.2230
P1,0.150 mg,1.3292,N1,0.3653,2.2188
P1,0.150 mg,1.3375,N2,0.4648,2.3209
P1,0.150 mg,1.3458,N2,0.5953,2.7590
P1,0.150 mg,1.3542,N2,0.5989,2.7168
P1,0.150 mg,1.3625,N2,0.5795,2.7205
P1,0.150 mg,1.3708,N2,0.4127,2.7442
P1,0.150 mg,1.3792,N2,0.3728,2.5957
P1,0.150 mg,1.3875,N2,0.2766,2.7181
P1,0.150 mg,1.3958,N2,0.4313,2.1358
P1,0.150 mg,1.4042,N2,0.3330,2.3097
P1,0.150 mg,1.4125,N2,0.2705,2.6141
P1,0.150 mg,1.4208,N2,0.2749,2.9693
P1,0.150 mg,1.4292,N2,0.5364,2.5408
P1,0.150 mg,1.4375,N2,0.5491,2.5853
P1,0.150 mg,1.4458,N2,0.5269,2.1381
P1,0.150 mg,1.4542,N2,0.2751,2.4206
P1,0.150 mg,1.4625,N2,0.5458,2.6251
P1,0.075 mg,0.0292,W,0.5154,1.2226
P1,0.075 mg,0.0375,W,0.5702,1.4843
P1,0.075 mg,0.0458,W,0.6017,1.6737
P1,0.075 mg,0.0542,W,0.6079,1.9866
P1,0.075 mg,0.0625,W,0.5844,1.9642
P1,0.075 mg,0.0708,W,0.5351,2.0155
P1,0.075 mg,0.0792,W,0.4686,2.1037
P1,0.075 mg,0.0875,N1,0.3512,2.0891
P1,0.075 mg,0.0958,N1,0.2728,2.3155
P1,0.075 mg,0.1042,N2,0.2604,2.4941
P1,0.075 mg,0.1125,N2,0.2506,2.4941
P1,0.075 mg,0.1208,N2,0.2469,2.7397
P1,0.075 mg,0.1292,N2,0.2363,2.5198
P1,0.075 mg,0.1375,N2,0.2618,2.5995
P1,0.075 mg,0.1458,W,0.4123,2.0060
P1,0.075 mg,0.1625,N1,0.3643,2.0328
P1,0.075 mg,0.1708,N1,0.2847,2.1905
P1,0.075 mg,0.1792,N1,0.3203,2.2885
P1,0.075 mg,0.1875,N1,0.5078,2.2846
P1,0.075 mg,0.1958,N2,0.2658,2.6685
P1,0.075 mg,0.2042,N2,0.3038,2.3613
P1,0.075 mg,0.2125,N2,0.2867,2.5475
P1,0.075 mg,0.2208,N2,0.2460,3.1014
P1,0.075 mg,0.2292,N2,0.2473,2.6026
P1,0.075 mg,0.2375,N2,0.2265,2.6900
P1,0.075 mg,0.2458,N2,0.2298,2.6000
P1,0.075 mg,0.2542,N2,0.2325,2.7325
P1,0.075 mg,0.2625,N2,0.2191,2.7048
P1,0.075 mg,0.2708,N2,0.2112,2.6842
P1,0.075 mg,0.2792,N2,0.2089,2.7068
P1,0.075 mg,0.2875,N2,0.2149,2.8302
P1,0.075 mg,0.2958,N2,0.1889,2.8443
P1,0.075 mg,0.3042,N2,0.2048,2.8072
P1,0.075 mg,0.3125,N2,0.2151,2.9495
P1,0.075 mg,0.3375,N1,0.5136,2.3302
P1,0.075 mg,0.3458,N1,0.5535,2.2404
P1,0.075 mg,0.3625,N1,0.4677,2.3576
P1,0.075 mg,0.3708,N2,0.4809,2.4087
P1,0.075 mg,0.3792,N2,0.3704,2.5479
P1,0.075 mg,0.3875,W,0.5464,2.3818
P1,0.075 mg,0.4042,N2,0.4675,2.5219
P1,0.075 mg,0.4125,N2,0.3795,2.4337
P1,0.075 mg,0.4208,N2,0.3773,2.3698
P1,0.075 mg,0.4292,N2,0.2887,2.5809
P1,0.075 mg,0.4375,N2,0.3440,2.4917
P1,0.075 mg,0.4458,N2,0.2923,2.6420
P1,0.075 mg,0.4542,N2,0.3032,2.6503
P1,0.075 mg,0.4625,N2,0.2676,2.8996
P1,0.075 mg,0.4708,N2,0.2936,2.8577
P1,0.075 mg,0.4792,N2,0.2785,2.6163
P1,0.075 mg,0.4875,N2,0.2383,2.6493
P1,0.075 mg,0.4958,N2,0.2507,2.8468
P1,0.075 mg,0.5042,N2,0.2626,2.8503
P1,0.075 mg,0.5125,N2,0.2345,2.7648
P1,0.075 mg,0.5208,N2,0.2334,3.0971
P1,0.075 mg,0.5292,N2,0.2197,2.7695
P1,0.075 mg,0.5375,N2,0.2254,2.9143
P1,0.075 mg,0.5458,N2,0.2119,2.8436
P1,0.075 mg,0.5542,N3,0.2179,3.0267
P1,0.075 mg,0.5625,N3,0.2068,2.8603
P1,0.075 mg,0.5708,N3,0.2080,3.0097
P1,0.075 mg,0.5792,N3,0.2032,3.0103
P1,0.075 mg,0.5875,N3,0.1978,3.1405
P1,0.075 mg,0.5958,N3,0.1935,3.0326
P1,0.075 mg,0.6042,N3,0.1930,3.1372
P1,0.075 mg,0.6125,N3,0.1991,3.0927
P1,0.075 mg,0.6208,N3,0.2009,3.0360
P1,0.075 mg,0.6292,N3,0.2043,3.1704
P1,0.075 mg,0.6375,N3,0.2010,3.1977
P1,0.075 mg,0.6458,N3,0.1967,3.1616
P1,0.075 mg,0.6542,N3,0.1983,3.3041
P1,0.075 mg,0.6625,N3,0.1998,3.2425
P1,0.075 mg,0.6708,N3,0.1987,3.1435
P1,0.075 mg,0.6792,N3,0.1909,3.1937
P1,0.075 mg,0.6875,N3,0.1920,3.2929
P1,0.075 mg,0.6958,N3,0.1933,3.2348
P1,0.075 mg,0.7042,N3,0.1952,3.3553
P1,0.075 mg,0.7125,N3,0.1936,3.3390
P1,0.075 mg,0.7208,N3,0.2000,3.3123
P1,0.075 mg,0.7292,N3,0.1880,3.2994
P1,0.075 mg,0.7375,N3,0.2070,3.5675
P1,0.075 mg,0.7458,N3,0.2270,2.8358
P1,0.075 mg,0.7708,N2,0.5923,2.2123
P1,0.075 mg,0.8125,N1,0.6022,1.9795
P1,0.075 mg,0.8208,N1,0.5751,2.0679
P1,0.075 mg,0.8292,N1,0.5092,2.1308
P1,0.075 mg,0.8375,N2,0.5908,2.0525
P1,0.075 mg,0.9042,N2,0.3764,2.5080
P1,0.075 mg,0.9125,N2,0.3298,2.8293
P1,0.075 mg,0.9208,N2,0.2671,2.9440
P1,0.075 mg,0.9292,N2,0.2848,2.8431
P1,0.075 mg,0.9375,N2,0.2681,2.5953
P1,0.075 mg,0.9458,N2,0.2411,2.8437
P1,0.075 mg,0.9542,N2,0.2508,2.6772
P1,0.075 mg,0.9625,N2,0.2258,3.1543
P1,0.075 mg,0.9708,N2,0.4708,2.7062
P1,0.075 mg,0.9792,N2,0.5665,2.7089
P1,0.075 mg,0.9875,N2,0.4630,2.5678
P1,0.075 mg,0.9958,N2,0.5168,2.6809
P1,0.075 mg,1.0208,W,0.5938,1.8988
P1,0.075 mg,1.0292,N1,0.4988,2.1931
P1,0.075 mg,1.0375,N2,0.5297,2.2509
P1,0.075 mg,1.1125,N2,0.4970,2.1321
P1,0.075 mg,1.1208,N2,0.5515,2.2321
P1,0.075 mg,1.1292,N2,0.4699,2.2929
P1,0.075 mg,1.1375,N2,0.4884,2.1926
P1,0.075 mg,1.1458,N2,0.5109,2.3085
P1,0.075 mg,1.1542,N2,0.3909,2.3610
P1,0.075 mg,1.1625,N2,0.4598,2.2964
P1,0.075 mg,1.1708,N2,0.3195,2.5536
P1,0.075 mg,1.1792,N2,0.3345,2.7575
P1,0.075 mg,1.1875,N2,0.3509,2.5633
P1,0.075 mg,1.1958,N2,0.2602,2.8275
P1,0.075 mg,1.2042,N2,0.2546,2.6518
P1,0.075 mg,1.2125,N2,0.2559,2.7149
P1,0.075 mg,1.2208,N2,0.2996,2.7011
P1,0.075 mg,1.2292,N2,0.2375,2.8969
P1,0.075 mg,1.2375,N2,0.2519,2.6217
P1,0.075 mg,1.2458,N2,0.2476,2.7737
P1,0.075 mg,1.2542,N2,0.2458,2.6056
P1,0.075 mg,1.2625,N2,0.4712,2.8438
P1,0.075 mg,1.2708,N2,0.5151,2.4651
P1,0.075 mg,1.2792,N2,0.4850,1.8446
P1,0.075 mg,1.2958,W,0.5705,2.0768
P1,0.075 mg,1.3042,N1,0.5990,2.1041
P1,0.075 mg,1.3125,N1,0.4948,2.2961
P1,0.075 mg,1.3208,N2,0.3421,2.4274
P1,0.075 mg,1.3292,N2,0.5534,2.6335
P1,0.075 mg,1.3375,N2,0.5271,2.2895
P1,0.075 mg,1.3458,N2,0.4702,2.6599
P1,0.075 mg,1.3542,N2,0.4965,2.4107
P1,0.075 mg,1.3625,N2,0.4726,2.4180
P1,0.075 mg,1.3708,N2,0.3375,2.8201
P1,0.075 mg,1.3792,N2,0.2719,2.5861
P1,0.075 mg,1.3875,N2,0.4548,2.4184
P1,0.075 mg,1.3958,N2,0.2995,3.1275
P1,0.075 mg,1.4042,N2,0.2386,2.6664
P1,0.075 mg,1.4125,N2,0.2359,3.0820
P1,0.075 mg,1.4208,N2,0.2378,2.7413
P1,0.075 mg,1.4292,N2,0.2274,3.1672
P1,0.075 mg,1.4375,N2,0.2244,3.0166
P1,0.075 mg,1.4458,N2,0.2071,3.2662
P1,0.075 mg,1.4542,N2,0.2239,3.3026
P1,0.075 mg,1.4625,N2,0.2028,2.7425
P1,0.075 mg,1.4708,N2,0.2026,3.3379
P1,0.075 mg,1.4792,N2,0.2134,3.1536
P1,0.075 mg,1.4875,N2,0.2073,2.8136
P1,0.075 mg,1.4958,N2,0.2007,2.9767
P1,0.075 mg,1.5042,N2,0.2005,3.1947
P1,0.075 mg,1.5125,N2,0.1995,3.1305
P1,0.075 mg,1.5208,N2,0.2045,3.1125
P1,0.075 mg,1.5292,N2,0.1930,2.7073
P1,0.075 mg,1.5375,N2,0.2003,3.3364
P1,0.075 mg,1.5458,N2,0.2030,3.0495
P1,placebo,0.0042,W,0.4870,1.6898
P1,placebo,0.0125,W,0.5209,1.7891
P1,placebo,0.0292,W,0.6065,1.0820
P1,placebo,0.0375,W,0.6036,1.1200
P1,placebo,0.0458,W,0.5937,1.2964
P1,placebo,0.0542,W,0.5970,1.0663
P1,placebo,0.0625,W,0.5982,1.0308
P1,placebo,0.0708,W,0.5789,1.1507
P1,placebo,0.0792,W,0.5555,1.2340
P1,placebo,0.0875,N1,0.4315,1.4788
P1,placebo,0.0958,N1,0.3220,1.7693
P1,placebo,0.1042,N1,0.2655,1.6974
P1,placebo,0.1125,N2,0.3049,1.9359
P1,placebo,0.1208,N2,0.2471,2.4915
P1,placebo,0.1292,N2,0.2557,2.6040
P1,placebo,0.1375,N2,0.2424,2.7411
P1,placebo,0.1458,N2,0.2389,2.7204
P1,placebo,0.1542,N2,0.2413,2.8600
P1,placebo,0.1625,N2,0.2419,2.5034
P1,placebo,0.1708,N2,0.2506,2.8254
P1,placebo,0.1792,W,0.5318,1.2368
P1,placebo,0.1875,W,0.6199,1.3669
P1,placebo,0.1958,W,0.5931,1.2519
P1,placebo,0.2042,W,0.5852,1.3728
P1,placebo,0.2125,N1,0.5265,1.3915
P1,placebo,0.2208,N1,0.5057,1.5437
P1,placebo,0.2292,N1,0.4913,1.6269
P1,placebo,0.2375,N1,0.3528,1.8034
P1,placebo,0.2458,N1,0.4540,1.6296
P1,placebo,0.2542,N1,0.5153,1.6019
P1,placebo,0.2625,N1,0.4293,1.3610
P1,placebo,0.2708,N2,0.3437,1.7922
P1,placebo,0.2792,N2,0.2823,2.0432
P1,placebo,0.2875,N2,0.2640,1.9440
P1,placebo,0.2958,N2,0.2620,2.4470
P1,placebo,0.3042,N2,0.2508,2.5185
P1,placebo,0.3125,N2,0.2560,2.5574
P1,placebo,0.3208,N2,0.4150,2.8206
P1,placebo,0.3292,N2,0.2744,2.5956
P1,placebo,0.3375,N2,0.2410,2.7709
P1,placebo,0.3458,N2,0.2380,2.6566
P1,placebo,0.3542,N2,0.2525,2.7269
P1,placebo,0.3625,N2,0.2270,2.6837
P1,placebo,0.3708,N3,0.2309,2.7707
P1,placebo,0.3792,N3,0.2091,2.7276
P1,placebo,0.3875,N3,0.2154,2.8070
P1,placebo,0.3958,N3,0.2291,2.9073
P1,placebo,0.4042,N3,0.2188,2.7042
P1,placebo,0.4125,N3,0.2426,2.8317
P1,placebo,0.4208,N3,0.2100,2.8546
P1,placebo,0.4292,N3,0.2174,2.9838
P1,placebo,0.4375,N3,0.2057,3.0757
P1,placebo,0.4458,N3,0.2065,3.0106
P1,placebo,0.4542,N3,0.2254,2.8694
P1,placebo,0.4625,N3,0.2104,2.9396
P1,placebo,0.4708,N3,0.2213,3.1717
P1,placebo,0.4792,N3,0.2237,2.9576
P1,placebo,0.4875,N3,0.2140,3.0445
P1,placebo,0.4958,N3,0.2039,3.0371
P1,placebo,0.5042,N3,0.2071,2.9709
P1,placebo,0.5125,N3,0.1969,3.1176
P1,placebo,0.5208,N3,0.2004,3.1002
P1,placebo,0.5292,N3,0.1981,2.9667
P1,placebo,0.5375,N3,0.1960,3.1348
P1,placebo,0.5458,N3,0.2028,3.0869
P1,placebo,0.5542,N3,0.2154,3.0859
P1,placebo,0.5625,N3,0.2078,3.1038
P1,placebo,0.5708,N3,0.2202,3.0444
P1,placebo,0.5792,N3,0.2051,3.1402
P1,placebo,0.5875,N3,0.1968,3.1855
P1,placebo,0.5958,N3,0.2016,3.0133
P1,placebo,0.6042,N3,0.2106,3.1792
P1,placebo,0.6125,N3,0.2087,3.1896
P1,placebo,0.6208,N3,0.2051,3.1054
P1,placebo,0.6292,N3,0.2290,3.1763
P1,placebo,0.6375,N3,0.2101,3.0213
P1,placebo,0.6458,N3,0.2080,3.0756
P1,placebo,0.6542,N3,0.2032,3.0593
P1,placebo,0.6625,N3,0.2018,3.1888
P1,placebo,0.6708,N3,0.1997,3.2949
P1,placebo,0.6792,N3,0.1948,3.1630
P1,placebo,0.6875,N3,0.2244,3.1806
P1,placebo,0.6958,N3,0.2144,2.9850
P1,placebo,0.7042,N3,0.2082,3.1222
P1,placebo,0.7125,N3,0.5628,1.5892
P1,placebo,0.7292,N2,0.5624,1.6916
P1,placebo,0.7375,N2,0.5160,2.0099
P1,placebo,0.7458,N2,0.5675,2.0941
P1,placebo,0.7625,N1,0.5806,1.7024
P1,placebo,0.7708,N1,0.6011,1.5817
P1,placebo,0.7875,N1,0.5695,1.5425
P1,placebo,0.7958,N1,0.5549,1.5146
P1,placebo,0.8042,N1,0.5688,1.3979
P1,placebo,0.8125,N1,0.4772,1.6738
P1,placebo,0.8208,W,0.5864,1.4391
P1,placebo,0.8292,W,0.5652,1.5560
P1,placebo,0.8708,W,0.6245,1.4946
P1,placebo,0.8792,N1,0.5177,2.0602
P1,placebo,0.8875,N1,0.5120,2.2338
P1,placebo,0.8958,N1,0.4033,2.2444
P1,placebo,0.9042,W,0.6277,1.4536
P1,placebo,0.9208,N1,0.4400,2.4060
P1,placebo,0.9292,N2,0.3215,2.9696
P1,placebo,0.9375,N2,0.6094,1.7208
P1,placebo,0.9458,N1,0.5888,2.1846
P1,placebo,0.9542,N1,0.3814,2.4865
P1,placebo,0.9625,N1,0.3534,3.0340
P1,placebo,0.9708,N1,0.5453,2.2627
P1,placebo,0.9792,N1,0.3261,2.5541
P1,placebo,0.9875,N2,0.3129,3.4061
P1,placebo,0.9958,N2,0.3800,2.9189
P1,placebo,1.0042,N2,0.4625,2.3391
P1,placebo,1.0125,N2,0.3389,2.5294
P1,placebo,1.0208,N2,0.2671,3.0958
P1,placebo,1.0292,N2,0.2533,2.5820
P1,placebo,1.0375,N2,0.3842,3.0716
P1,placebo,1.0458,N2,0.4933,2.4507
P1,placebo,1.0542,N2,0.5165,2.5112
P1,placebo,1.0625,N2,0.5645,2.3466
P1,placebo,1.0708,W,0.5995,1.0338
P1,placebo,1.0792,W,0.6167,1.3201
P1,placebo,1.0875,W,0.6057,1.4538
P1,placebo,1.0958,W,0.5228,1.8962
P1,placebo,1.1042,W,0.5464,1.8638
P1,placebo,1.1125,W,0.6026,1.5567
P1,placebo,1.1208,W,0.5940,1.6262
P1,placebo,1.1292,N1,0.5665,1.9326
P1,placebo,1.1375,W,0.5919,1.8761
P1,placebo,1.1458,W,0.6207,1.0988
P1,placebo,1.1542,W,0.6170,1.3024
P1,placebo,1.1625,N1,0.5764,1.4803
P1,placebo,1.1708,N1,0.5788,1.5641
P1,placebo,1.1792,N1,0.5404,1.6767
P1,placebo,1.1875,N1,0.5247,1.5681
P1,placebo,1.1958,N1,0.5106,1.5149
P1,placebo,1.2042,N1,0.4563,1.9080
P1,placebo,1.2125,N1,0.5375,1.5445
P1,placebo,1.2208,W,0.6127,1.3638
P1,placebo,1.2458,W,0.6094,1.7724
P1,placebo,1.2542,W,0.5769,1.6533
P1,placebo,1.2625,W,0.5491,2.0518
P1,placebo,1.2708,N1,0.5849,1.8570
P1,placebo,1.2792,N1,0.4965,1.9986
P1,placebo,1.2875,N1,0.4770,2.2192
P1,placebo,1.2958,N1,0.4486,2.0328
P1,placebo,1.3042,N1,0.4333,1.9682
P1,placebo,1.3125,N1,0.3753,1.9892
P1,placebo,1.3208,N1,0.3379,1.8532
P1,placebo,1.3292,N1,0.5733,1.4940
P1,placebo,1.3375,N1,0.4849,1.7924
P1,placebo,1.3458,W,0.6016,1.5624
P1,placebo,1.3542,W,0.5859,1.4200
P1,placebo,1.3625,W,0.4808,2.0875
P1,placebo,1.3708,W,0.5564,1.9624
P1,placebo,1.3792,N1,0.4431,2.1720
P1,placebo,1.3875,N1,0.4270,2.3317
P1,placebo,1.3958,N2,0.4237,2.5277
P1,placebo,1.4042,N2,0.3440,2.9192
P1,placebo,1.4125,N2,0.3160,3.0438
P1,placebo,1.4208,N2,0.3132,2.3076
P1,placebo,1.4292,N2,0.2667,3.0866
P1,placebo,1.4375,W,0.5810,1.2738
P1,placebo,1.4458,N1,0.6095,1.9355
P1,placebo,1.4542,N2,0.4673,2.5888
P1,placebo,1.4625,N2,0.3206,3.0710
P1,placebo,1.4708,N2,0.4761,2.4830
P1,placebo,1.4792,N2,0.4113,2.4867
P1,placebo,1.4875,N2,0.3023,2.7503
P1,placebo,1.4958,N2,0.2812,2.8438
P1,placebo,1.5042,N2,0.3979,2.4910
P1,placebo,1.5125,N2,0.2582,3.2624
P1,placebo,1.5208,N2,0.2612,3.3610
P1,placebo,1.5292,N2,0.2665,3.1555
P1,placebo,1.5375,N2,0.2431,2.9617
P2,placebo,0.0292,W,0.2940,1.5405
P2,placebo,0.0375,W,0.2980,-0.3490
P2,placebo,0.0708,N1,0.4142,2.3653
P2,placebo,0.0792,N1,0.4441,2.3470
P2,placebo,0.0875,N2,0.3952,2.3664
P2,placebo,0.0958,N2,0.3228,2.4850
P2,placebo,0.1042,N2,0.3651,2.3099
P2,placebo,0.1208,N2,0.4107,2.7162
P2,placebo,0.1292,N2,0.3496,2.3928
P2,placebo,0.1458,N2,0.2306,2.9556
P2,placebo,0.1875,N2,0.3589,2.2442
P2,placebo,0.1958,N2,0.2951,2.3754
P2,placebo,0.2042,N2,0.3313,2.3612
P2,placebo,0.2125,N2,0.3223,2.2457
P2,placebo,0.2208,N2,0.2462,2.5199
P2,placebo,0.2292,N2,0.3006,2.5797
P2,placebo,0.2375,N2,0.2539,2.4881
P2,placebo,0.2458,N2,0.2518,2.4561
P2,placebo,0.2542,N2,0.2529,2.4965
P2,placebo,0.2625,N2,0.2405,2.5535
P2,placebo,0.2708,N2,0.2407,2.7272
P2,placebo,0.2792,N3,0.2451,2.7779
P2,placebo,0.2875,N3,0.2287,2.7719
P2,placebo,0.2958,N3,0.2649,2.7514
P2,placebo,0.3042,N3,0.2508,2.4681
P2,placebo,0.3125,N3,0.2323,2.8450
P2,placebo,0.3208,N3,0.2387,2.8821
P2,placebo,0.3292,N3,0.2394,3.0058
P2,placebo,0.3375,N3,0.2251,3.0206
P2,placebo,0.3458,N3,0.2746,3.0227
P2,placebo,0.3542,N3,0.2518,3.1179
P2,placebo,0.3625,N3,0.2356,3.0739
P2,placebo,0.3708,N3,0.2531,3.1415
P2,placebo,0.3792,N3,0.2303,3.1156
P2,placebo,0.3875,N3,0.2259,3.0812
P2,placebo,0.3958,N3,0.2324,3.1189
P2,placebo,0.4042,N3,0.2264,3.1933
P2,placebo,0.4125,N3,0.2279,3.1327
P2,placebo,0.4208,N3,0.2366,2.7302
P2,placebo,0.4292,N2,0.2405,2.4617
P2,placebo,0.4375,N2,0.2194,2.5513
P2,placebo,0.4458,N2,0.2190,2.4263
P2,placebo,0.4542,N2,0.2460,2.5474
P2,placebo,0.4875,N2,0.2544,3.0013
P2,placebo,0.4958,N2,0.2594,2.5148
P2,placebo,0.5042,N2,0.2423,2.7806
P2,placebo,0.5125,N2,0.2330,2.7871
P2,placebo,0.5208,N2,0.2276,2.8066
P2,placebo,0.5292,N2,0.2335,2.8738
P2,placebo,0.5708,N2,0.4090,2.8326
P2,placebo,0.5792,N2,0.3414,2.4607
P2,placebo,0.5875,N2,0.3173,2.7380
P2,placebo,0.5958,N2,0.3289,2.5590
P2,placebo,0.6042,N2,0.2774,2.9292
P2,placebo,0.6125,N2,0.2649,2.6900
P2,placebo,0.6542,N2,0.2530,2.7899
P2,placebo,0.6625,N2,0.3351,2.6906
P2,placebo,0.6708,N2,0.2994,2.6772
P2,placebo,0.6792,N2,0.2901,2.7888
P2,placebo,0.6875,N2,0.2362,3.0121
P2,placebo,0.6958,N2,0.2400,2.7748
P2,placebo,0.7042,N2,0.3186,2.9156
P2,placebo,0.7208,N2,0.2414,2.9654
P2,placebo,0.7292,N2,0.2624,2.9303
P2,placebo,0.7708,N2,0.2504,2.8532
P2,placebo,0.8042,N2,0.2686,2.8511
P2,placebo,0.8125,N2,0.2592,2.5468
P2,placebo,0.8208,N2,0.2315,2.8445
P2,placebo,0.8292,N2,0.2554,2.9915
P2,placebo,0.8375,N2,0.2524,2.6111
P2,placebo,0.8458,N2,0.2615,3.2167
P2,placebo,0.8542,N2,0.2646,3.1926
P2,placebo,0.8625,N2,0.2924,3.3218
P2,placebo,0.8792,N2,0.2191,3.0702
P2,placebo,0.8875,N2,0.2253,3.1337
P2,placebo,0.8958,N2,0.2335,3.1952
P2,placebo,1.2375,N2,0.2230,2.5244
P2,placebo,1.2458,N2,0.2210,2.4213
P2,placebo,1.2792,N2,0.2253,2.7022
P2,placebo,1.2875,N2,0.2253,2.5006
P2,placebo,1.3208,N2,0.2516,3.1208
P2,placebo,1.3542,N2,0.2322,3.1400
P2,placebo,1.4292,N3,0.2291,3.1588
P2,placebo,1.4375,N3,0.2368,3.1326
P2,placebo,1.4458,N3,0.2395,3.1643
P2,placebo,1.4542,N3,0.2342,2.9821
P2,placebo,1.4625,N3,0.2409,3.3543
P2,0.150 mg,0.0708,N2,0.2516,2.4610
P2,0.150 mg,0.0792,N2,0.2406,2.5428
P2,0.150 mg,0.0875,N2,0.2362,2.6113
P2,0.150 mg,0.0958,W,0.2154,1.7458
P2,0.150 mg,0.1042,W,0.2128,1.7473
P2,0.150 mg,0.1125,W,0.2131,2.0392
P2,0.150 mg,0.1208,N1,0.2456,1.9226
P2,0.150 mg,0.1292,N1,0.2410,2.0163
P2,0.150 mg,0.1375,N1,0.2246,1.9287
P2,0.150 mg,0.1458,N2,0.2257,2.3413
P2,0.150 mg,0.1542,N2,0.2249,2.1274
P2,0.150 mg,0.1625,N2,0.2208,2.2322
P2,0.150 mg,0.1708,N2,0.2250,2.2794
P2,0.150 mg,0.1792,N2,0.2127,2.3492
P2,0.150 mg,0.2375,N3,0.2557,2.7246
P2,0.150 mg,0.2458,N3,0.2585,2.7029
P2,0.150 mg,0.2542,N3,0.2601,2.6743
P2,0.150 mg,0.2625,N3,0.2448,2.7709
P2,0.150 mg,0.2708,N3,0.2458,2.7673
P2,0.150 mg,0.2792,N3,0.2380,2.6738
P2,0.150 mg,0.2875,N3,0.2457,2.6481
P2,0.150 mg,0.2958,N3,0.2405,2.8548
P2,0.150 mg,0.3042,N3,0.2133,2.8223
P2,0.150 mg,0.3125,N3,0.2131,2.8025
P2,0.150 mg,0.3208,N3,0.2125,2.7785
P2,0.150 mg,0.3292,N3,0.2166,2.7196
P2,0.150 mg,0.3375,N3,0.2178,2.6872
P2,0.150 mg,0.3458,N3,0.2125,2.7515
P2,0.150 mg,0.3542,N3,0.2211,2.6845
P2,0.150 mg,0.3625,N3,0.2098,2.6806
P2,0.150 mg,0.3708,N3,0.2090,2.6684
P2,0.150 mg,0.3792,N3,0.2243,2.7207
P2,0.150 mg,0.3875,N3,0.2110,2.9405
P2,0.150 mg,0.3958,N3,0.2167,2.8196
P2,0.150 mg,0.4042,N3,0.2129,2.8845
P2,0.150 mg,0.4125,N3,0.2168,2.8616
P2,0.150 mg,0.4208,N3,0.2080,2.7619
P2,0.150 mg,0.4292,N3,0.2095,2.8956
P2,0.150 mg,0.4375,N3,0.2065,2.9552
P2,0.150 mg,0.4458,N3,0.2117,2.9442
P2,0.150 mg,0.4542,N3,0.2094,3.0181
P2,0.150 mg,0.4625,N3,0.2117,2.9324
P2,0.150 mg,0.4708,N3,0.2102,2.9106
P2,0.150 mg,0.4792,N3,0.2182,2.8826
P2,0.150 mg,0.4875,N3,0.2095,2.8258
P2,0.150 mg,0.4958,N3,0.2096,2.8685
P2,0.150 mg,0.5042,N3,0.2115,2.9788
P2,0.150 mg,0.5125,N3,0.2071,2.9292
P2,0.150 mg,0.5208,N3,0.2071,3.0389
P2,0.150 mg,0.5292,N3,0.2033,2.8759
P2,0.150 mg,0.5375,N3,0.2076,2.9295
P2,0.150 mg,0.5458,N3,0.2095,2.9694
P2,0.150 mg,0.5542,N3,0.2125,2.9385
P2,0.150 mg,0.5625,N3,0.2137,2.8809
P2,0.150 mg,0.5708,N3,0.2138,2.9525
P2,0.150 mg,0.5792,N3,0.2081,2.9721
P2,0.150 mg,0.5875,N3,0.2102,2.9633
P2,0.150 mg,0.5958,N3,0.2041,2.8888
P2,0.150 mg,0.6042,N3,0.2072,3.0478
P2,0.150 mg,0.6125,N3,0.2137,2.9217
P2,0.150 mg,0.6208,N3,0.2236,2.4424
P2,0.150 mg,0.6292,N3,0.2319,2.5141
P2,0.150 mg,0.6375,N3,0.2281,2.5114
P2,0.150 mg,0.6458,N2,0.2395,2.5353
P2,0.150 mg,0.6542,N2,0.2072,2.4432
P2,0.150 mg,0.6625,N2,0.2138,2.5352
P2,0.150 mg,0.6708,N2,0.2205,2.6005
P2,0.150 mg,0.6792,N2,0.2078,2.5702
P2,0.150 mg,0.6875,N2,0.2025,2.3353
P2,0.150 mg,0.6958,N2,0.2236,2.7384
P2,0.150 mg,0.7042,N2,0.2162,2.5872
P2,0.150 mg,0.7125,N2,0.2304,2.4797
P2,0.150 mg,0.7292,N2,0.5434,3.1713
P2,0.150 mg,0.7375,N2,0.5502,2.8128
P2,0.150 mg,0.7458,N2,0.5335,2.6765
P2,0.150 mg,0.7542,N2,0.4469,3.0355
P2,0.150 mg,0.7625,N2,0.4043,2.3457
P2,0.150 mg,0.7708,N2,0.3860,2.8691
P2,0.150 mg,0.7792,N2,0.2895,2.7574
P2,0.150 mg,0.7875,N2,0.2497,2.9976
P2,0.150 mg,0.7958,N2,0.2995,2.1100
P2,0.150 mg,0.8042,N2,0.3014,2.3090
P2,0.150 mg,0.8125,N2,0.2394,2.7486
P2,0.150 mg,0.8208,N2,0.2247,2.2567
P2,0.150 mg,0.8458,N2,0.2234,3.1832
P2,0.150 mg,0.8542,N2,0.2436,2.9602
P2,0.150 mg,0.8625,N2,0.2297,2.7886
P2,0.150 mg,0.8708,N2,0.2104,2.8237
P2,0.150 mg,0.9208,N2,0.2775,3.1079
P2,0.150 mg,0.9292,N2,0.2541,2.7372
P2,0.150 mg,0.9375,N2,0.2317,2.9886
P2,0.150 mg,0.9458,N2,0.3511,2.6178
P2,0.150 mg,0.9542,N2,0.2414,3.2144
P2,0.150 mg,0.9625,N2,0.2189,3.1936
P2,0.150 mg,0.9708,N2,0.2199,2.8669
P2,0.150 mg,1.0208,N2,0.2595,2.7840
P2,0.150 mg,1.0292,N2,0.2778,2.9241
P2,0.150 mg,1.0375,N2,0.2218,2.8011
P2,0.150 mg,1.0458,N2,0.2138,2.4997
P2,0.150 mg,1.0542,N2,0.2197,3.0633
P2,0.150 mg,1.0875,N2,0.4730,3.1201
P2,0.150 mg,1.0958,N2,0.3749,2.4415
P2,0.150 mg,1.1042,N2,0.5095,3.1468
P2,0.150 mg,1.1125,N2,0.2726,2.6888
P2,0.150 mg,1.1208,N2,0.2888,3.1040
P2,0.150 mg,1.1292,N2,0.3360,2.9881
P2,0.150 mg,1.1375,N2,0.2783,2.9404
P2,0.150 mg,1.1458,N2,0.2345,3.2914
P2,0.150 mg,1.1542,N2,0.3543,2.8613
P2,0.150 mg,1.1625,N2,0.2334,2.6985
P2,0.150 mg,1.1708,N2,0.2916,2.9854
P2,0.150 mg,1.1792,N2,0.2741,2.6347
P2,0.150 mg,1.1875,N2,0.2424,3.2307
P2,0.150 mg,1.2042,N2,0.2206,3.1015
P2,0.150 mg,1.2125,N2,0.2209,2.4090
P2,0.150 mg,1.2208,N2,0.2190,3.1912
P2,0.150 mg,1.2292,N2,0.2406,2.4343
P2,0.150 mg,1.2375,N2,0.2145,2.9520
P2,0.150 mg,1.2458,N2,0.2209,2.5750
P2,0.150 mg,1.2542,N2,0.2070,3.2607
P2,0.150 mg,1.2625,N2,0.2068,2.4100
P2,0.150 mg,1.2708,N2,0.2141,2.5707
P2,0.150 mg,1.2792,N2,0.2157,3.3058
P2,0.150 mg,1.3292,N2,0.2303,2.4534
P2,0.150 mg,1.3375,N2,0.2448,3.2668
P2,0.150 mg,1.3458,N2,0.2120,3.1000
P2,0.150 mg,1.3542,N2,0.3018,2.8336
P2,0.150 mg,1.3625,N2,0.2248,2.4681
P2,0.150 mg,1.3708,N2,0.2149,2.8678
P2,0.150 mg,1.3792,N2,0.2489,3.2784
P2,0.150 mg,1.3958,N2,0.2187,3.2072
P2,0.150 mg,1.4042,N2,0.2140,2.9452
P2,0.150 mg,1.4792,N2,0.2156,2.5871
P2,0.150 mg,1.5042,N2,0.2144,3.1307
P2,0.150 mg,1.5125,N2,0.2152,2.8740
P2,0.150 mg,1.5208,N2,0.2126,2.7232
P2,0.150 mg,1.5458,N2,0.2276,2.4273
P2,0.075 mg,0.0042,W,0.4440,1.3182
P2,0.075 mg,0.0125,W,0.3637,1.0091
P2,0.075 mg,0.0208,W,0.4366,1.3247
P2,0.075 mg,0.0375,N1,0.5133,1.9389
P2,0.075 mg,0.0542,N1,0.3476,2.6236
P2,0.075 mg,0.0625,N2,0.2939,2.1461
P2,0.075 mg,0.0708,N2,0.2800,2.1825
P2,0.075 mg,0.0792,N2,0.2534,2.4616
P2,0.075 mg,0.0875,N2,0.2361,2.2901
P2,0.075 mg,0.0958,N2,0.2746,2.7492
P2,0.075 mg,0.1042,N2,0.2283,2.4217
P2,0.075 mg,0.1125,N2,0.2263,2.5277
P2,0.075 mg,0.1208,N2,0.2397,2.3181
P2,0.075 mg,0.1292,N2,0.2331,2.5748
P2,0.075 mg,0.1375,N2,0.2143,2.5750
P2,0.075 mg,0.1458,N2,0.2445,2.4651
P2,0.075 mg,0.1542,N2,0.2213,2.5804
P2,0.075 mg,0.1625,N2,0.2216,2.5133
P2,0.075 mg,0.1708,N2,0.2270,2.8823
P2,0.075 mg,0.1792,N2,0.2358,2.7239
P2,0.075 mg,0.1875,N2,0.2088,2.6188
P2,0.075 mg,0.1958,N2,0.2214,2.7251
P2,0.075 mg,0.2042,N2,0.2209,2.8334
P2,0.075 mg,0.2125,N2,0.2225,2.8898
P2,0.075 mg,0.2208,N2,0.2274,2.7852
P2,0.075 mg,0.2292,N2,0.3094,2.7001
P2,0.075 mg,0.2375,N2,0.3814,2.5969
P2,0.075 mg,0.2458,N2,0.3121,3.0151
P2,0.075 mg,0.2542,N2,0.2451,2.7219
P2,0.075 mg,0.2625,N2,0.3237,2.7066
P2,0.075 mg,0.2708,N2,0.2562,2.6912
P2,0.075 mg,0.2792,N2,0.2332,2.7409
P2,0.075 mg,0.2875,N2,0.2394,2.7162
P2,0.075 mg,0.2958,N3,0.2277,2.9417
P2,0.075 mg,0.3042,N3,0.2166,2.9996
P2,0.075 mg,0.3125,N3,0.2282,3.0292
P2,0.075 mg,0.3208,N3,0.2198,3.1628
P2,0.075 mg,0.3292,N3,0.2289,3.0531
P2,0.075 mg,0.3375,N3,0.2266,3.1087
P2,0.075 mg,0.3458,N3,0.2159,3.2351
P2,0.075 mg,0.3542,N3,0.2105,3.1680
P2,0.075 mg,0.3625,N3,0.2130,3.1921
P2,0.075 mg,0.3708,N3,0.2118,3.2701
P2,0.075 mg,0.3792,N3,0.2125,3.1193
P2,0.075 mg,0.3875,N3,0.2275,3.2564
P2,0.075 mg,0.3958,N3,0.2094,3.2300
P2,0.075 mg,0.4042,N3,0.2041,3.2660
P2,0.075 mg,0.4125,N3,0.2105,3.1826
P2,0.075 mg,0.4208,N3,0.2037,3.3283
P2,0.075 mg,0.4292,N3,0.2080,3.4410
P2,0.075 mg,0.4375,N3,0.2022,3.0420
P2,0.075 mg,0.4458,N2,0.2267,2.5535
P2,0.075 mg,0.4625,N2,0.5458,2.6312
P2,0.075 mg,0.4708,N2,0.4918,2.8026
P2,0.075 mg,0.4792,N2,0.4500,2.4291
P2,0.075 mg,0.4875,N2,0.3533,2.5079
P2,0.075 mg,0.4958,N2,0.4362,2.6889
P2,0.075 mg,0.5042,N2,0.2917,2.7193
P2,0.075 mg,0.5125,N2,0.2866,2.9583
P2,0.075 mg,0.5208,N2,0.2688,2.7717
P2,0.075 mg,0.5292,N2,0.2891,2.8369
P2,0.075 mg,0.5375,N2,0.2307,2.9987
P2,0.075 mg,0.5458,N2,0.2404,2.4672
P2,0.075 mg,0.5542,N2,0.2347,2.6646
P2,0.075 mg,0.5625,N2,0.2153,2.7824
P2,0.075 mg,0.5708,N2,0.2232,2.6329
P2,0.075 mg,0.5792,N2,0.2203,2.9048
P2,0.075 mg,0.5875,N2,0.2331,2.9147
P2,0.075 mg,0.5958,N2,0.2146,3.0115
P2,0.075 mg,0.6042,N2,0.2241,2.9221
P2,0.075 mg,0.6125,N3,0.2149,2.9890
P2,0.075 mg,0.6208,N3,0.2204,3.0101
P2,0.075 mg,0.6292,N3,0.2148,3.0336
P2,0.075 mg,0.6375,N3,0.2066,2.8911
P2,0.075 mg,0.6458,N3,0.2161,3.0497
P2,0.075 mg,0.6542,N3,0.2118,3.0188
P2,0.075 mg,0.6625,N3,0.2202,3.0050
P2,0.075 mg,0.6708,N3,0.2237,3.0600
P2,0.075 mg,0.6792,N3,0.2076,3.0531
P2,0.075 mg,0.6875,N3,0.2136,3.0261
P2,0.075 mg,0.6958,N3,0.2102,2.8734
P2,0.075 mg,0.7042,N3,0.2087,3.1324
P2,0.075 mg,0.7125,N3,0.2056,3.0587
P2,0.075 mg,0.7208,N3,0.2163,2.9670
P2,0.075 mg,0.7292,N3,0.2047,3.1947
P2,0.075 mg,0.7375,N3,0.2104,2.9417
P2,0.075 mg,0.7458,N3,0.2133,3.1838
P2,0.075 mg,0.7542,N3,0.2085,3.1063
P2,0.075 mg,0.7625,N3,0.2066,3.2903
P2,0.075 mg,0.7708,N3,0.2146,3.0484
P2,0.075 mg,0.7792,N3,0.2105,3.1741
P2,0.075 mg,0.7875,N3,0.2089,3.2015
P2,0.075 mg,0.7958,N3,0.2046,3.2134
P2,0.075 mg,0.8042,N3,0.2088,3.0700
P2,0.075 mg,0.8125,N3,0.2146,3.1364
P2,0.075 mg,0.8208,N3,0.2134,3.2071
P2,0.075 mg,0.8292,N3,0.2190,3.2123
P2,0.075 mg,0.8375,N3,0.2114,3.1424
P2,0.075 mg,0.8458,N3,0.2134,3.2321
P2,0.075 mg,0.8542,N3,0.2070,3.1419
P2,0.075 mg,0.8625,N3,0.2067,3.1992
P2,0.075 mg,0.8708,N3,0.2106,3.1775
P2,0.075 mg,0.8792,N3,0.2056,3.2206
P2,0.075 mg,0.8875,N3,0.2107,3.1521
P2,0.075 mg,0.8958,N3,0.2085,3.1671
P2,0.075 mg,0.9042,N3,0.2030,3.1176
P2,0.075 mg,0.9125,N3,0.2076,3.2894
P2,0.075 mg,0.9208,N3,0.2072,2.9748
P2,0.075 mg,0.9292,N3,0.2010,3.1840
P2,0.075 mg,0.9375,N3,0.2047,3.3321
P2,0.075 mg,0.9458,N3,0.2060,3.1693
P2,0.075 mg,0.9542,N3,0.2045,3.2236
P2,0.075 mg,0.9625,N3,0.2128,3.2407
P2,0.075 mg,0.9708,N3,0.2057,3.1491
P2,0.075 mg,0.9792,N3,0.2063,3.3454
P2,0.075 mg,0.9875,N3,0.2160,3.2491
P2,0.075 mg,0.9958,N3,0.2084,3.1706
P2,0.075 mg,1.0042,N3,0.2138,3.4010
P2,0.075 mg,1.0125,N3,0.2237,3.1525
P2,0.075 mg,1.0208,N3,0.2099,3.3030
P2,0.075 mg,1.0292,N3,0.2119,3.2637
P2,0.075 mg,1.0375,N3,0.2139,3.2218
P2,0.075 mg,1.0458,N3,0.2103,3.2789
P2,0.075 mg,1.0542,N3,0.2085,3.2520
P2,0.075 mg,1.0625,N3,0.2138,3.2499
P2,0.075 mg,1.0708,N3,0.2160,3.3339
P2,0.075 mg,1.0792,N3,0.2051,3.2935
P2,0.075 mg,1.0875,N3,0.2024,3.3055
P2,0.075 mg,1.0958,N3,0.2073,3.2102
P2,0.075 mg,1.1042,N3,0.2039,2.9617
P2,0.075 mg,1.1125,N2,0.1979,2.5562
P2,0.075 mg,1.1208,N2,0.5446,2.6935
P2,0.075 mg,1.1458,N2,0.5425,2.5725
P2,0.075 mg,1.1542,N2,0.5040,2.3966
P2,0.075 mg,1.1625,N2,0.4841,2.8158
P2,0.075 mg,1.1708,N2,0.2767,2.0430
P2,0.075 mg,1.1792,N2,0.5528,2.1930
P2,0.075 mg,1.2125,N2,0.4092,2.6515
P2,0.075 mg,1.2208,N2,0.2417,1.9559
P2,0.075 mg,1.2292,N2,0.2866,2.4166
P2,0.075 mg,1.2375,N2,0.3094,2.1500
P2,0.075 mg,1.2458,N2,0.2905,2.5182
P2,0.075 mg,1.2708,N2,0.2984,2.3483
P2,0.075 mg,1.2792,N2,0.2510,2.7772
P2,0.075 mg,1.2875,N2,0.2464,2.2367
P2,0.075 mg,1.2958,N2,0.3667,2.8202
P2,0.075 mg,1.3042,N2,0.2524,2.4975
P2,0.075 mg,1.3125,N2,0.3147,3.2113
P2,0.075 mg,1.3208,N2,0.2667,2.4821
P2,0.075 mg,1.3292,N2,0.2491,2.7667
P2,0.075 mg,1.3375,N2,0.2299,3.0334
P2,0.075 mg,1.3458,N2,0.2270,2.7360
P2,0.075 mg,1.3542,N2,0.2736,2.8326
P2,0.075 mg,1.3625,N2,0.2244,2.8779
P2,0.075 mg,1.3708,N2,0.2282,2.5970
P2,0.075 mg,1.3792,N2,0.2303,3.0714
P2,0.075 mg,1.4125,N2,0.3270,2.8354
P2,0.075 mg,1.4208,N2,0.2573,2.3438
P2,0.075 mg,1.4292,N2,0.3041,2.8610
P2,0.075 mg,1.4375,N2,0.2578,2.7182
P2,0.075 mg,1.4458,N2,0.4386,2.3300
P2,0.075 mg,1.4625,N2,0.2686,2.8010
P2,0.075 mg,1.4708,N2,0.2622,2.2110
P2,0.075 mg,1.4792,N2,0.2504,2.6206
P2,0.075 mg,1.5125,N2,0.2342,2.6558
P2,0.075 mg,1.5208,N2,0.2322,2.9694
P2,0.075 mg,1.5292,W,0.2364,1.2558
P3,0.150 mg,0.0042,W,0.4209,2.6115
P3,0.150 mg,0.0125,W,0.4482,2.3976
P3,0.150 mg,0.0208,W,0.4470,2.1974
P3,0.150 mg,0.0958,N1,0.3372,2.2616
P3,0.150 mg,0.1125,N1,0.2724,2.3275
P3,0.150 mg,0.1208,N2,0.2393,2.8107
P3,0.150 mg,0.1292,N2,0.2173,2.5224
P3,0.150 mg,0.1375,N2,0.2074,2.5182
P3,0.150 mg,0.1458,N2,0.1925,2.7842
P3,0.150 mg,0.1542,N2,0.1832,2.6000
P3,0.150 mg,0.1625,N2,0.1807,2.8517
P3,0.150 mg,0.1708,N2,0.1790,2.6216
P3,0.150 mg,0.1792,N2,0.2034,2.6373
P3,0.150 mg,0.1875,N2,0.1810,2.7227
P3,0.150 mg,0.1958,N2,0.1726,3.2345
P3,0.150 mg,0.2042,N2,0.1831,2.7341
P3,0.150 mg,0.2125,N3,0.1746,2.9062
P3,0.150 mg,0.2208,N3,0.1721,2.8138
P3,0.150 mg,0.2292,N3,0.1813,2.8660
P3,0.150 mg,0.2375,N3,0.1701,2.9088
P3,0.150 mg,0.2458,N3,0.1891,2.8938
P3,0.150 mg,0.2542,N2,0.1782,2.6350
P3,0.150 mg,0.3625,N2,0.2536,2.4976
P3,0.150 mg,0.3708,N2,0.2683,2.8459
P3,0.150 mg,0.3792,N2,0.2199,2.7812
P3,0.150 mg,0.3875,N2,0.2186,2.6572
P3,0.150 mg,0.3958,N2,0.2153,2.6575
P3,0.150 mg,0.4042,N3,0.2081,2.8700
P3,0.150 mg,0.4125,N3,0.1891,2.8545
P3,0.150 mg,0.4208,N3,0.2028,2.8571
P3,0.150 mg,0.4292,N3,0.1933,2.9953
P3,0.150 mg,0.4375,N3,0.1881,3.2623
P3,0.150 mg,0.5875,N2,0.2809,2.4177
P3,0.150 mg,0.5958,N2,0.2708,3.0627
P3,0.150 mg,0.6042,N2,0.2232,2.3132
P3,0.150 mg,0.6125,N2,0.2286,2.5351
P3,0.150 mg,0.6208,N2,0.2071,3.0405
P3,0.150 mg,0.6375,N2,0.2504,2.6555
P3,0.150 mg,0.6458,N2,0.2046,3.2677
P3,0.150 mg,0.6542,N2,0.1957,2.7108
P3,0.150 mg,0.6625,N2,0.2121,3.2418
P3,0.150 mg,0.6708,N2,0.2163,2.2064
P3,0.150 mg,0.6792,N2,0.2222,2.9152
P3,0.150 mg,0.6958,N2,0.2317,2.7245
P3,0.150 mg,0.7042,N2,0.2411,2.7103
P3,0.150 mg,0.7208,N2,0.1926,2.9397
P3,0.150 mg,0.7292,N2,0.2211,2.2611
P3,0.150 mg,0.7458,N2,0.4045,2.6062
P3,0.150 mg,0.7625,N2,0.2141,2.5433
P3,0.150 mg,0.7708,N2,0.2792,2.9012
P3,0.150 mg,0.7792,N2,0.2148,2.7378
P3,0.150 mg,0.7875,N2,0.2252,2.7925
P3,0.150 mg,0.7958,N2,0.2198,2.8712
P3,0.150 mg,0.8292,N2,0.1875,2.6238
P3,0.150 mg,0.8375,N2,0.2368,2.8139
P3,0.150 mg,0.8458,N2,0.1912,3.0963
P3,0.150 mg,0.8625,N2,0.1852,3.0290
P3,0.150 mg,0.8875,N3,0.1822,2.8219
P3,0.150 mg,0.8958,N2,0.1699,3.0911
P3,0.150 mg,0.9042,N2,0.1764,2.8129
P3,0.150 mg,0.9208,N2,0.2678,2.4797
P3,0.150 mg,0.9458,N2,0.2584,2.7887
P3,0.150 mg,0.9875,N2,0.2561,2.3680
P3,0.150 mg,0.9958,N2,0.2501,2.7193
P3,0.150 mg,1.0042,N2,0.2636,2.9817
P3,0.150 mg,1.0125,N2,0.2230,2.7521
P3,0.150 mg,1.0208,N2,0.2287,3.0598
P3,0.150 mg,1.0292,N2,0.2108,3.0144
P3,0.150 mg,1.0375,N2,0.2040,2.7702
P3,0.150 mg,1.0458,N2,0.1838,2.9840
P3,0.150 mg,1.0542,N2,0.1893,3.0453
P3,0.150 mg,1.0625,N2,0.2326,3.2515
P3,0.150 mg,1.0708,N2,0.1891,3.0135
P3,0.150 mg,1.0875,N2,0.1866,2.6914
P3,0.150 mg,1.0958,N2,0.1819,3.0046
P3,0.150 mg,1.1042,N2,0.2199,3.1130
P3,0.150 mg,1.1125,N2,0.2358,3.1600
P3,0.150 mg,1.1292,N2,0.2208,2.9597
P3,0.150 mg,1.1375,N2,0.1741,3.0438
P3,0.150 mg,1.1458,N2,0.1736,2.2714
P3,0.150 mg,1.2958,N2,0.3483,2.3497
P3,0.150 mg,1.3042,N2,0.2669,1.9831
P3,0.150 mg,1.3125,N2,0.2768,1.8768
P3,0.150 mg,1.3208,N2,0.4222,2.3030
P3,0.150 mg,1.3375,N2,0.2415,2.3607
P3,0.150 mg,1.3458,N2,0.2209,2.5140
P3,0.150 mg,1.3542,N2,0.2650,2.9595
P3,0.150 mg,1.3625,N2,0.2539,2.7749
P3,0.150 mg,1.3708,N2,0.2236,3.0837
P3,0.150 mg,1.3958,N2,0.2066,3.1091
P3,0.150 mg,1.4042,N2,0.2502,2.9481
P3,0.150 mg,1.4125,N2,0.1929,2.9286
P3,0.150 mg,1.4208,N2,0.2238,2.7344
P3,0.150 mg,1.4375,N2,0.2259,2.9430
P3,0.150 mg,1.4458,N2,0.2025,2.6451
P3,0.150 mg,1.4625,N2,0.1918,2.9566
P3,0.150 mg,1.4958,N2,0.2169,2.9523
P3,0.150 mg,1.5042,N2,0.1932,3.0585
P3,0.150 mg,1.5125,N2,0.2000,3.0785
P3,0.150 mg,1.5208,N2,0.2102,2.9932
P3,0.150 mg,1.5292,N2,0.1793,3.2561
P3,0.150 mg,1.5375,N2,0.1902,3.0844
P3,0.150 mg,1.5458,N3,0.2098,3.0090
P3,0.150 mg,1.5542,N2,0.1809,2.3276
P3,placebo,0.0125,W,0.5653,2.3981
P3,placebo,0.0208,W,0.5725,1.9481
P3,placebo,0.0292,W,0.5597,2.3850
P3,placebo,0.0375,W,0.5813,2.2072
P3,placebo,0.0542,W,0.6268,2.0433
P3,placebo,0.0625,W,0.6486,1.6154
P3,placebo,0.1458,W,0.6009,2.2980
P3,placebo,0.1958,N1,0.4312,2.2250
P3,placebo,0.2542,N2,0.3549,2.4829
P3,placebo,0.2708,N2,0.2591,2.6023
P3,placebo,0.2792,N2,0.2391,2.8705
P3,placebo,0.2958,N2,0.2229,2.7694
P3,placebo,0.3125,N2,0.2627,2.4567
P3,placebo,0.3292,N2,0.2493,2.8614
P3,placebo,0.3375,N2,0.2448,2.4476
P3,placebo,0.3458,N2,0.2025,2.9592
P3,placebo,0.3542,N2,0.2469,2.7934
P3,placebo,0.3625,N2,0.2079,2.7851
P3,placebo,0.3708,N2,0.2340,2.6117
P3,placebo,0.4458,N2,0.3220,2.4546
P3,placebo,0.4542,N2,0.2413,3.1089
P3,placebo,0.4625,N2,0.2835,2.5898
P3,placebo,0.4708,N2,0.2376,2.7987
P3,placebo,0.4792,N2,0.2203,2.6533
P3,placebo,0.4875,N2,0.2043,2.6724
P3,placebo,0.4958,N2,0.2364,3.1036
P3,placebo,0.5042,N2,0.2322,3.1072
P3,placebo,0.5208,N2,0.2355,2.7000
P3,placebo,0.5292,N2,0.1896,3.1276
P3,placebo,0.5375,N2,0.2632,3.1163
P3,placebo,0.5458,N3,0.2025,2.7168
P3,placebo,0.5542,N3,0.1905,2.7486
P3,placebo,0.5625,N3,0.1934,3.0303
P3,placebo,0.5708,N3,0.1884,2.8450
P3,placebo,0.5792,N3,0.1833,2.8389
P3,placebo,0.5875,N3,0.1817,2.8743
P3,placebo,0.5958,N3,0.1850,2.9716
P3,placebo,0.6042,N3,0.1715,3.0523
P3,placebo,0.6125,N3,0.1868,3.0076
P3,placebo,0.6292,N2,0.3423,2.5399
P3,placebo,1.2292,N2,0.3012,2.4785
P3,placebo,1.2875,N2,0.2621,2.2385
P3,placebo,1.2958,N2,0.2487,2.5077
P3,placebo,1.3292,N2,0.2396,2.6248
P3,placebo,1.3375,N2,0.2223,2.6305
P3,0.075 mg,0.0042,W,0.4133,2.4348
P3,0.075 mg,0.0125,W,0.4874,1.9699
P3,0.075 mg,0.1792,N2,0.2590,2.3682
P3,0.075 mg,0.2292,N2,0.2995,2.2606
P3,0.075 mg,0.2375,N2,0.2829,2.2136
P3,0.075 mg,0.2875,N2,0.2532,2.4987
P3,0.075 mg,0.2958,N2,0.2184,2.8664
P3,0.075 mg,0.3042,N2,0.2622,3.0346
P3,0.075 mg,0.3125,N2,0.2206,2.9938
P3,0.075 mg,0.3375,N2,0.2005,2.7035
P3,0.075 mg,0.3458,N2,0.2171,2.6728
P3,0.075 mg,0.3542,N2,0.2370,3.0708
P3,0.075 mg,0.3792,N2,0.2127,2.4362
P3,0.075 mg,0.4042,N2,0.2146,3.2024
P3,0.075 mg,0.4125,N2,0.2252,2.7136
P3,0.075 mg,0.4208,N2,0.2302,2.8062
P3,0.075 mg,0.4292,N2,0.1985,2.5751
P3,0.075 mg,0.4375,N3,0.2110,2.9636
P3,0.075 mg,0.4458,N3,0.1998,2.9531
P3,0.075 mg,0.4542,N3,0.1959,2.8279
P3,0.075 mg,0.7958,N2,0.2365,2.4832
P3,0.075 mg,0.8042,N2,0.2509,2.8719
P3,0.075 mg,0.8375,N2,0.2381,2.4608
P3,0.075 mg,0.8458,N2,0.2270,2.4187
P3,0.075 mg,0.8542,N2,0.2575,2.4103
P3,0.075 mg,0.9042,N2,0.2634,2.4183
P3,0.075 mg,1.0458,N2,0.2356,2.2545
P3,0.075 mg,1.0542,N2,0.2271,2.2906
P3,0.075 mg,1.0625,N2,0.2394,2.2391
P3,0.075 mg,1.1042,N2,0.2226,2.5986
P3,0.075 mg,1.1125,N2,0.2571,2.9404
P3,0.075 mg,1.1208,N2,0.2334,2.6847
P3,0.075 mg,1.1292,N2,0.2017,2.8527
P3,0.075 mg,1.1375,N2,0.1988,3.2786
P3,0.075 mg,1.2542,N2,0.1958,2.7960
P3,0.075 mg,1.4792,N2,0.3070,2.3010
P3,0.075 mg,1.4958,N2,0.2705,2.2683
P3,0.075 mg,1.5125,N2,0.2702,2.4383
P3,0.075 mg,1.5542,N2,0.3050,2.3056
P4,0.075 mg,1.0292,N1,0.2561,2.5900
P4,0.075 mg,1.0375,N2,0.2384,2.6075
P4,0.075 mg,1.0458,N2,0.2308,2.8643
P4,0.075 mg,1.0542,N2,0.2090,2.4940
P4,0.075 mg,1.0625,N2,0.2332,2.8613
P4,0.075 mg,1.0708,N2,0.2317,2.9570
P4,0.075 mg,1.0792,N2,0.2046,2.9433
P4,0.075 mg,1.0875,N2,0.2030,2.8644
P4,0.075 mg,1.0958,N2,0.1903,2.9247
P4,0.075 mg,1.1042,N2,0.1945,2.8275
P4,0.075 mg,1.1125,N2,0.1988,2.7587
P4,0.075 mg,1.1208,N2,0.2042,2.8745
P4,0.075 mg,1.1292,N2,0.2014,2.4436
P4,0.150 mg,0.1042,N2,0.2038,2.6289
P4,0.150 mg,0.1125,N2,0.2178,2.2908
P4,0.150 mg,0.1208,N2,0.2193,2.7840
P4,0.150 mg,0.1292,N2,0.1974,2.6338
P4,0.150 mg,0.1375,N2,0.1912,1.2686
P4,0.150 mg,0.1458,N2,0.2175,2.7812
P4,0.150 mg,0.1542,N2,0.2084,2.4989
P4,0.150 mg,0.1625,N3,0.1971,2.8567
P4,0.150 mg,0.1708,N3,0.1784,2.8319
P4,0.150 mg,0.1792,N3,0.1858,2.8103
P4,0.150 mg,0.1875,N3,0.1747,3.1234
P4,0.150 mg,0.2042,N3,0.1729,2.7597
P4,0.150 mg,0.2125,N3,0.1723,3.1252
P4,0.150 mg,0.2208,N3,0.1781,2.8849
P4,0.150 mg,0.2292,N3,0.1800,2.7812
P4,0.150 mg,0.2375,N3,0.1875,3.2818
P4,0.150 mg,0.2458,N3,0.1738,3.1472
P4,0.150 mg,0.2542,N3,0.1766,3.3231
P4,0.150 mg,0.2625,N3,0.1846,3.2941
P4,0.150 mg,0.2708,N3,0.1761,3.0621
P4,0.150 mg,0.2792,N3,0.1787,3.1731
P4,0.150 mg,0.2875,N3,0.1734,3.3331
P4,0.150 mg,0.2958,N3,0.1714,3.1880
P4,0.150 mg,0.3042,N3,0.1876,3.1944
P4,0.150 mg,0.3125,N3,0.1796,3.3902
P4,0.150 mg,0.3208,N3,0.1777,3.1875
P4,0.150 mg,0.3292,N3,0.1823,3.3407
P4,0.150 mg,0.3375,N3,0.1803,3.3675
P4,0.150 mg,0.3458,N3,0.1891,2.4739
P4,0.150 mg,0.3542,N3,0.1840,3.2016
P4,0.150 mg,0.3625,N3,0.1919,3.5578
P4,0.150 mg,0.3708,N3,0.1890,3.3050
P4,0.150 mg,0.3792,N3,0.1869,3.2715
P4,0.150 mg,0.3875,N3,0.1978,3.3213
P4,0.150 mg,0.3958,N3,0.1983,3.2392
P4,0.150 mg,0.4375,N3,0.2149,3.1663
P4,0.150 mg,0.4458,N3,0.1711,3.3519
P4,0.150 mg,0.4542,N3,0.2055,3.1742
P4,0.150 mg,0.4625,N3,0.1952,3.1514
P4,0.150 mg,0.4708,N3,0.1749,3.3557
P4,0.150 mg,0.4792,N3,0.1943,3.3657
P4,0.150 mg,0.4958,N3,0.1864,3.2751
P4,0.150 mg,0.5042,N3,0.1897,3.2387
P4,0.150 mg,0.5125,N3,0.1932,3.0918
P4,0.150 mg,0.5208,N3,0.1949,3.3257
P4,0.150 mg,0.5292,N3,0.1834,3.3081
P4,0.150 mg,0.5375,N3,0.1837,3.0242
P4,0.150 mg,0.5458,N3,0.1915,3.2039
P4,0.150 mg,0.5542,N3,0.1865,3.3489
P4,0.150 mg,0.5625,N3,0.1836,3.2573
P4,0.150 mg,0.5708,N3,0.1936,3.1972
P4,0.150 mg,0.5792,N3,0.1878,3.3630
P4,0.150 mg,0.5875,N3,0.1747,3.2370
P4,0.150 mg,0.5958,N3,0.2011,3.2807
P4,0.150 mg,0.6042,N3,0.1931,3.3135
P4,0.150 mg,0.6125,N3,0.1957,3.2959
P4,0.150 mg,1.2875,N1,0.2592,2.5987
P4,0.150 mg,1.3042,N2,0.2118,2.7609
P4,0.150 mg,1.3208,N2,0.2232,2.5311
P4,0.150 mg,1.3292,N2,0.2100,2.4303
P4,0.150 mg,1.3375,N2,0.2283,2.3069
P4,0.150 mg,1.3458,N2,0.2291,2.5521
P4,0.150 mg,1.3542,N2,0.2147,3.0232
P4,0.150 mg,1.3625,N2,0.2336,2.4436
P4,0.150 mg,1.3708,N2,0.2459,2.6360
P4,0.150 mg,1.3792,N2,0.2083,2.7142
P4,0.150 mg,1.3875,N2,0.1899,2.7658
P4,0.150 mg,1.3958,N2,0.1954,2.6942
P4,0.150 mg,1.4375,N2,0.2252,2.6694
P4,0.150 mg,1.4458,N2,0.2519,2.8177
P4,0.150 mg,1.4542,N2,0.2279,2.3579
P4,0.150 mg,1.4708,N2,0.2195,2.8467
P4,0.150 mg,1.4792,N2,0.2084,2.5441
P4,0.150 mg,1.4875,N2,0.2123,2.8755
P4,0.150 mg,1.4958,N2,0.2107,2.7623
P4,0.150 mg,1.5208,N2,0.2456,2.9333
P4,0.150 mg,1.5292,N2,0.2072,2.6487
P4,0.150 mg,1.5375,N2,0.2054,3.0889
P4,0.150 mg,1.5458,N2,0.2092,1.7941
P4,placebo,0.1708,N2,0.2052,2.3120
P4,placebo,0.2125,N2,0.2139,2.5934
P4,placebo,0.2292,N2,0.1900,2.9733
P4,placebo,0.2375,N2,0.1862,2.8014
P4,placebo,0.2792,N2,0.2024,2.6841
P4,placebo,0.2875,N2,0.1978,2.8994
P4,placebo,0.3292,N3,0.1818,2.7621
P4,placebo,0.3375,N3,0.1809,3.0220
P4,placebo,0.3458,N3,0.1803,3.1131
P4,placebo,0.3792,N3,0.1924,3.2672
P4,placebo,0.3958,N3,0.1861,3.0548
P4,placebo,0.4042,N3,0.1729,3.2689
P4,placebo,0.4125,N3,0.1884,3.1135
P4,placebo,0.4625,N3,0.1880,3.3210
P4,placebo,0.4708,N3,0.1697,3.2506
P4,placebo,0.4875,N3,0.1906,2.6740
P4,placebo,0.5208,N3,0.1926,2.3412
P4,placebo,0.5292,N3,0.1716,2.7443
P4,placebo,0.5375,N3,0.1741,2.7314
P4,placebo,0.5458,N3,0.1774,2.7457
P4,placebo,0.5792,N3,0.1755,3.3662
P4,placebo,0.6958,N2,0.1898,2.7213
P4,placebo,0.7042,N2,0.1762,2.5856
P4,placebo,0.7292,N2,0.1893,2.4414
P4,placebo,0.9125,N2,0.2362,2.6622
P4,placebo,0.9625,N2,0.2209,2.9838
P4,placebo,0.9708,N2,0.1940,2.9496
P4,placebo,0.9792,N2,0.2041,2.8200
P4,placebo,1.0125,N2,0.2114,2.9369
P4,placebo,1.0708,N2,0.2497,2.8033
P4,placebo,1.0792,N2,0.2067,2.9258
P4,placebo,1.0875,N2,0.2010,3.0627
P4,placebo,1.1042,N2,0.1899,3.1002
P4,placebo,1.1208,N2,0.2211,2.8601
P4,placebo,1.1292,N2,0.1959,2.9840
P4,placebo,1.1375,N2,0.1838,2.9948
P4,placebo,1.1958,N1,0.2052,1.8514
P4,placebo,1.3292,N2,0.2157,2.5809
P4,placebo,1.5458,W,0.1976,0.7103
