participant,dose,pupil_isf_amplitude_pct,pupil_isf_period_s,sigma_isf_amplitude_pct,sigma_isf_period_s,spindle_density_per_h
P1,placebo,32.42,48.39,67.41,49.26,94.89
P1,0.075 mg,43.08,47.87,72.83,49.05,139.63
P1,0.150 mg,34.22,44.93,65.55,53.28,97.22
P2,placebo,23.51,42.01,91.14,53.89,219.03
P2,0.075 mg,28.34,45.05,83.03,51.99,164.83
P2,0.150 mg,28.82,49.21,95.35,55.15,225.61
P3,placebo,25.76,53.43,67.36,46.93,123.80
P3,0.075 mg,35.92,47.21,78.83,48.11,107.13
P3,0.150 mg,36.19,45.83,97.66,53.05,200.20
P4,placebo,21.77,39.45,72.75,49.81,40.30
P4,0.075 mg,12.65,40.13,65.58,50.22,57.60
P4,0.150 mg,19.30,45.48,71.87,52.51,55.47
