participant,dose,time_in_bed_min,total_sleep_time_min,sleep_efficiency_pct,sleep_onset_latency_min,wake_pct,n1_pct,n2_pct,n3_pct,rem_pct,so_density_per_h,so_peak_to_peak_uv,spindle_density_per_h,spindle_amplitude_uv,spindles_in_trains_pct
P1,placebo,92.8,70.5,75.96,6.50,23.70,25.32,28.01,22.63,0.00,229.79,140.69,94.89,36.34,49.32
P1,0.075 mg,93.7,82.0,87.55,6.00,12.28,9.08,55.52,13.88,9.08,171.69,134.85,139.63,34.09,58.67
P1,0.150 mg,93.1,84.5,90.76,4.00,9.13,8.06,45.11,32.76,4.83,255.72,158.57,97.22,32.68,62.39
P2,placebo,95.4,91.5,95.94,5.00,3.67,1.57,51.90,22.02,20.45,154.89,145.47,219.03,38.02,66.02
P2,0.075 mg,92.9,89.5,96.31,3.50,3.23,1.61,51.11,41.97,1.61,250.40,169.14,164.83,40.18,69.62
P2,0.150 mg,93.4,91.5,98.00,0.00,1.61,1.61,64.26,27.31,4.82,226.67,152.69,225.61,40.96,74.92
P3,placebo,95.1,65.0,68.31,13.50,31.53,18.39,45.19,4.73,0.00,93.47,75.66,123.80,30.85,45.74
P3,0.075 mg,94.2,83.0,88.12,10.00,11.68,22.83,57.86,1.59,5.84,67.50,82.63,107.13,29.85,56.70
P3,0.150 mg,93.7,79.5,84.84,7.00,14.94,14.41,62.96,7.47,0.00,98.18,121.79,200.20,36.23,70.75
P4,placebo,93.3,86.5,92.76,4.50,6.97,5.36,49.86,24.13,13.40,276.52,135.36,40.30,29.90,35.56
P4,0.075 mg,93.4,80.0,85.62,5.50,13.91,10.17,35.85,28.90,10.70,274.71,124.40,57.60,29.47,36.84
P4,0.150 mg,93.2,82.0,87.96,4.50,11.80,11.80,38.62,29.50,8.05,284.41,130.28,55.47,25.57,42.86
